SMILES,pH_aq,logIE
OC(=O)c1ccccc1,10.5,0.11
OC(=O)c1cc(cc(c1)[N+]([O-])=O)[N+]([O-])=O,10.5,1.26
OC(=O)c1cccc(c1)C(F)(F)F,10.5,1.37
Oc1c(F)c(F)c(F)c(F)c1F,10.5,1.55
CC(C)(C)c1ccc(cc1)C(O)=O,10.5,1.36
Oc1c(F)c(F)c(c(F)c1F)c2c(F)c(F)c(F)c(F)c2F,10.5,2.69
Oc1c(c(c(c(c1C(F)(F)F)C(F)(F)F)C(F)(F)F)C(F)(F)F)C(F)(F)F,10.5,2.6
Oc1ccc(cc1)c2ccccc2,10.5,0.62
Oc1ccccc1c2ccccc2,10.5,0.45
OC(=O)c1cccc(Cl)c1,10.5,0.77
Nc1ccc(cc1)C(O)=O,10.5,0.08
OC(=O)c1ccc(O)cc1,10.5,0.37
Nc1cccc(c1)C(O)=O,10.5,0.21
OC(=O)c1c(F)c(F)c(F)c(F)c1F,10.5,0.95
Oc1ccc(cc1[N+]([O-])=O)[N+]([O-])=O,10.5,1.2
CN(C)c1cccc(c1)C(O)=O,10.5,1.05
CC(C)c1ccc(cc1)C(O)=O,10.5,0.67
CC(C)(C)c1ccccc1O,10.5,-0.09
Oc1cc(ccc1[N+]([O-])=O)[N+]([O-])=O,10.5,1.45
Oc1cccc(Cl)c1,10.5,0.36
CC(C)c1ccccc1O,10.5,-0.17
Oc1cccc(Br)c1,10.5,0.8
Oc1c(cccc1[N+]([O-])=O)[N+]([O-])=O,10.5,1.51
Oc1ccccc1[N+]([O-])=O,10.5,-0.37
Oc1cccc(c1)[N+]([O-])=O,10.5,1.01
Oc1ccc(cc1)[N+]([O-])=O,10.5,1.48
Oc1c(F)c(F)cc(F)c1F,10.5,1.7
OC(C1=CC=CC(S(=O)(C(F)(C(F)(C(F)(F)F)F)F)=O)=C1)=O,10.5,2.78
OC(C1=CC=CC(S(=O)(C(C(F)(F)F)(C(F)(F)F)C(F)(F)F)=O)=C1)=O,10.5,2.63
OC(C1=CC=CC(SC(F)(C(F)(C(F)(F)F)F)F)=C1)=O,10.5,2.52
OC(=O)c1cccc(c1)[S](=O)(=O)C(F)(F)F,10.5,2.05
FC(F)(F)C(c1cccc(c1)C(=O)O)(C(F)(F)F)C(F)(F)F,10.5,2.75
OC(C1=CC=CC(SC(F)(F)F)=C1)=O,10.5,1.43
Oc1c(Cl)c(Cl)c(Cl)c(Cl)c1Cl,10.5,2.58
O=S(C1=C(O)C(S(=O)(OCC(F)(F)F)=O)=CC(S(=O)(OCC(F)(F)F)=O)=C1)(OCC(F)(F)F)=O,10.5,4.05
OC(=O)c1ccccc1O,10.5,0.72
Oc1ccccc1C#N,10.5,0.76
Oc1ccccc1N=Nc2cc(ccc2O)c3ccccc3,10.5,1.27
OC(=O)c1cc(I)cc(I)c1O,10.5,2.14
Oc1c(cc(c(O)c1[N+]([O-])=O)[N+]([O-])=O)[N+]([O-])=O,10.5,1.77
OC(=O)c1cc(cc(c1O)[N+]([O-])=O)[N+]([O-])=O,10.5,1.67
OC(=O)c1ccc(cc1[N+]([O-])=O)[N+]([O-])=O,10.5,0.06
Oc1ccc(Cl)cc1,10.5,0.26
O=S(C1=C(O)C(S(=O)(OCC(F)(C(F)F)F)=O)=CC(S(=O)(OCC(F)(C(F)F)F)=O)=C1)(OCC(F)(C(F)F)F)=O,10.5,3.09
FC1=C(O)C(F)=C(F)C2=C(F)C(F)=C(F)C(F)=C21,10.5,1.71
O[S](=O)(=O)c1ccc(cc1[N+]([O-])=O)[N+]([O-])=O,10.5,1.46
O=S(C1=CC=CC2=CC=CC=C21)(O)=O,10.5,1.46
O[S](=O)(=O)c1ccc2C(=O)c3ccccc3C(=O)c2c1,10.5,1.97
N[S](=O)(=O)c1cccc(c1)[N+]([O-])=O,10.5,1.17
O=S(O)(C(C(C(C(C(C(C(C(F)(F)F)(F)F)(F)F)(F)F)(F)F)(F)F)(F)F)(F)F)=O,10.5,2.56
OC(C(F)(F)F)(C(F)(F)F)C(F)(F)F,10.5,1.48
CCCCCCCCCCCCCC(O)=O,10.5,1.83
FC1=C(S(NS(C2=C(F)C(F)=C(F)C(F)=C2F)(=O)=O)(=O)=O)C(F)=C(F)C(F)=C1F,10.5,1.96
O=S(NS(C1=CC=C([N+]([O-])=O)C=C1)(=O)=O)(C2=CC=C(C)C=C2)=O,10.5,2.31
C/C=C/C=C/C(O)=O,10.5,-0.55
ON1C(=O)c2ccccc2C1=O,10.5,-0.67
NCCCC(O)=O,10.5,-1.57
NCCC(O)=O,10.5,-2.32
OC(=O)c1ccccc1,10.5,0.07
OC(=O)c1cc(cc(c1)[N+]([O-])=O)[N+]([O-])=O,10.5,0.62
OC(=O)c1cccc(c1)C(F)(F)F,10.5,1.37
Oc1c(F)c(F)c(F)c(F)c1F,10.5,1.41
CC(C)(C)c1ccc(cc1)C(O)=O,10.5,1.46
Oc1c(F)c(F)c(c(F)c1F)c2c(F)c(F)c(F)c(F)c2F,10.5,2.66
Oc1c(c(c(c(c1C(F)(F)F)C(F)(F)F)C(F)(F)F)C(F)(F)F)C(F)(F)F,10.5,3.06
Oc1ccc(cc1)c2ccccc2,10.5,0.95
Oc1ccccc1c2ccccc2,10.5,0.63
OC(=O)c1cccc(Cl)c1,10.5,0.85
Nc1ccc(cc1)C(O)=O,10.5,0.04
OC(=O)c1ccc(O)cc1,10.5,0.23
Nc1cccc(c1)C(O)=O,10.5,0.17
OC(=O)c1c(F)c(F)c(F)c(F)c1F,10.5,1.28
Oc1ccc(cc1[N+]([O-])=O)[N+]([O-])=O,10.5,1.47
CN(C)c1cccc(c1)C(O)=O,10.5,1.13
CC(C)c1ccc(cc1)C(O)=O,10.5,0.62
CC(C)(C)c1ccccc1O,10.5,0.03
CC(C)(C)c1cc(c(O)c(c1)C(C)(C)C)C(C)(C)C,10.5,0.73
Oc1cc(ccc1[N+]([O-])=O)[N+]([O-])=O,10.5,1.37
Oc1cccc(Cl)c1,10.5,0.27
CC(C)c1ccccc1O,10.5,-0.08
Oc1cccc(Br)c1,10.5,0.72
Oc1ccccc1Br,10.5,-0.98
Oc1c(cccc1[N+]([O-])=O)[N+]([O-])=O,10.5,1.38
Oc1ccccc1[N+]([O-])=O,10.5,-0.71
Oc1cccc(c1)[N+]([O-])=O,10.5,1.07
Oc1ccc(cc1)[N+]([O-])=O,10.5,1.1
Oc1c(F)c(F)cc(F)c1F,10.5,1.48
OC(C1=CC=CC(S(=O)(C(F)(C(F)(C(F)(F)F)F)F)=O)=C1)=O,10.5,2.4
OC(C1=CC=CC(S(=O)(C(C(F)(F)F)(C(F)(F)F)C(F)(F)F)=O)=C1)=O,10.5,2.38
OC(C1=CC=CC(SC(F)(C(F)(C(F)(F)F)F)F)=C1)=O,10.5,2.03
OC(=O)c1cccc(c1)[S](=O)(=O)C(F)(F)F,10.5,1.81
FC(F)(F)C(c1cccc(c1)C(=O)O)(C(F)(F)F)C(F)(F)F,10.5,2.45
OC(C1=CC=CC(SC(F)(F)F)=C1)=O,10.5,1.12
Oc1c(Cl)c(Cl)c(Cl)c(Cl)c1Cl,10.5,2.35
O=S(C1=C(O)C(S(=O)(OCC(F)(F)F)=O)=CC(S(=O)(OCC(F)(F)F)=O)=C1)(OCC(F)(F)F)=O,10.5,3.98
OC(=O)c1ccccc1O,10.5,0.64
Oc1ccccc1C#N,10.5,0.83
Oc1ccccc1N=Nc2cc(ccc2O)c3ccccc3,10.5,1.66
OC(=O)c1cc(I)cc(I)c1O,10.5,2.28
Oc1c(cc(c(O)c1[N+]([O-])=O)[N+]([O-])=O)[N+]([O-])=O,10.5,1.85
OC(=O)c1cc(cc(c1O)[N+]([O-])=O)[N+]([O-])=O,10.5,1.76
OC(=O)c1ccc(cc1[N+]([O-])=O)[N+]([O-])=O,10.5,0.4
Oc1ccc(Cl)cc1,10.5,0.46
O=S(C1=C(O)C(S(=O)(OCC(F)(C(F)F)F)=O)=CC(S(=O)(OCC(F)(C(F)F)F)=O)=C1)(OCC(F)(C(F)F)F)=O,10.5,3.84
FC1=C(O)C(F)=C(F)C2=C(F)C(F)=C(F)C(F)=C21,10.5,1.9
O[S](=O)(=O)c1ccc(cc1[N+]([O-])=O)[N+]([O-])=O,10.5,1.87
O=S(C1=CC=CC2=CC=CC=C21)(O)=O,10.5,1.77
O[S](=O)(=O)c1ccc2C(=O)c3ccccc3C(=O)c2c1,10.5,2.31
N[S](=O)(=O)c1cccc(c1)[N+]([O-])=O,10.5,1.48
O=S(O)(C(C(C(C(C(C(C(C(F)(F)F)(F)F)(F)F)(F)F)(F)F)(F)F)(F)F)(F)F)=O,10.5,3.06
OC(C(F)(F)F)(C(F)(F)F)C(F)(F)F,10.5,1.72
CCCCCCCCCCCCCC(O)=O,10.5,2.01
FC1=C(S(NS(C2=C(F)C(F)=C(F)C(F)=C2F)(=O)=O)(=O)=O)C(F)=C(F)C(F)=C1F,10.5,2.44
O=S(NS(C1=CC=C([N+]([O-])=O)C=C1)(=O)=O)(C2=CC=C(C)C=C2)=O,10.5,2.5
C/C=C/C=C/C(O)=O,10.5,-0.29
ON1C(=O)c2ccccc2C1=O,10.5,-0.23
NCCCC(O)=O,10.5,-1.46
OC(=O)c1ccccc1,10.5,0
OC(=O)c1cc(cc(c1)[N+]([O-])=O)[N+]([O-])=O,10.5,0.79
OC(=O)c1cccc(c1)C(F)(F)F,10.5,1.16
Oc1c(F)c(F)c(F)c(F)c1F,10.5,0.91
CC(C)(C)c1ccc(cc1)C(O)=O,10.5,1.2
Oc1c(F)c(F)c(c(F)c1F)c2c(F)c(F)c(F)c(F)c2F,10.5,2.17
Oc1c(c(c(c(c1C(F)(F)F)C(F)(F)F)C(F)(F)F)C(F)(F)F)C(F)(F)F,10.5,2.3
Oc1ccc(cc1)c2ccccc2,10.5,0.35
Oc1ccccc1c2ccccc2,10.5,-0.01
OC(=O)c1cccc(Cl)c1,10.5,0.48
Nc1ccc(cc1)C(O)=O,10.5,-0.06
OC(=O)c1ccc(O)cc1,10.5,0.13
Nc1cccc(c1)C(O)=O,10.5,0.09
OC(=O)c1c(F)c(F)c(F)c(F)c1F,10.5,0.61
Oc1ccc(cc1[N+]([O-])=O)[N+]([O-])=O,10.5,0.84
CN(C)c1cccc(c1)C(O)=O,10.5,0.71
CC(C)c1ccc(cc1)C(O)=O,10.5,0.05
CC(C)(C)c1ccccc1O,10.5,-0.46
CC(C)(C)c1cc(c(O)c(c1)C(C)(C)C)C(C)(C)C,10.5,0.55
Oc1cc(ccc1[N+]([O-])=O)[N+]([O-])=O,10.5,0.98
Oc1cccc(Cl)c1,10.5,0.22
CC(C)c1ccccc1O,10.5,-0.61
Oc1cccc(Br)c1,10.5,0.63
Oc1ccccc1Br,10.5,-0.8
Oc1c(cccc1[N+]([O-])=O)[N+]([O-])=O,10.5,1.06
Oc1ccccc1[N+]([O-])=O,10.5,-0.62
Oc1cccc(c1)[N+]([O-])=O,10.5,0.78
Oc1ccc(cc1)[N+]([O-])=O,10.5,0.97
Oc1c(F)c(F)cc(F)c1F,10.5,0.97
OC(C1=CC=CC(S(=O)(C(F)(C(F)(C(F)(F)F)F)F)=O)=C1)=O,10.5,2.2
OC(C1=CC=CC(S(=O)(C(C(F)(F)F)(C(F)(F)F)C(F)(F)F)=O)=C1)=O,10.5,2.15
OC(C1=CC=CC(SC(F)(C(F)(C(F)(F)F)F)F)=C1)=O,10.5,1.84
OC(=O)c1cccc(c1)[S](=O)(=O)C(F)(F)F,10.5,1.69
FC(F)(F)C(c1cccc(c1)C(=O)O)(C(F)(F)F)C(F)(F)F,10.5,2.14
OC(C1=CC=CC(SC(F)(F)F)=C1)=O,10.5,1.28
Oc1c(Br)c(Br)c(Br)c(Br)c1Br,10.5,1.96
Oc1c(Cl)c(Cl)c(Cl)c(Cl)c1Cl,10.5,1.97
O=S(C1=C(O)C(S(=O)(OCC(F)(F)F)=O)=CC(S(=O)(OCC(F)(F)F)=O)=C1)(OCC(F)(F)F)=O,10.5,3.14
OC(=O)c1ccccc1O,10.5,0.39
Oc1ccccc1C#N,10.5,0.28
Oc1ccccc1N=Nc2cc(ccc2O)c3ccccc3,10.5,1.02
OC(=O)c1cc(I)cc(I)c1O,10.5,2.05
Oc1c(cc(c(O)c1[N+]([O-])=O)[N+]([O-])=O)[N+]([O-])=O,10.5,1.07
OC(=O)c1cc(cc(c1O)[N+]([O-])=O)[N+]([O-])=O,10.5,1.22
OC(=O)c1ccc(cc1[N+]([O-])=O)[N+]([O-])=O,10.5,0.07
Oc1ccc(Cl)cc1,10.5,0.03
O=S(C1=C(O)C(S(=O)(OCC(F)(C(F)F)F)=O)=CC(S(=O)(OCC(F)(C(F)F)F)=O)=C1)(OCC(F)(C(F)F)F)=O,10.5,3.49
FC1=C(O)C(F)=C(F)C2=C(F)C(F)=C(F)C(F)=C21,10.5,1.94
O[S](=O)(=O)c1ccc(cc1[N+]([O-])=O)[N+]([O-])=O,10.5,1.68
O=S(C1=CC=CC2=CC=CC=C21)(O)=O,10.5,1.6
O[S](=O)(=O)c1ccc2C(=O)c3ccccc3C(=O)c2c1,10.5,2.1
N[S](=O)(=O)c1cccc(c1)[N+]([O-])=O,10.5,1.5
O=S(O)(C(C(C(C(C(C(C(C(F)(F)F)(F)F)(F)F)(F)F)(F)F)(F)F)(F)F)(F)F)=O,10.5,2.77
OC(C(F)(F)F)(C(F)(F)F)C(F)(F)F,10.5,1.54
CCCCCCCCCCCCCC(O)=O,10.5,1.91
FC1=C(S(NS(C2=C(F)C(F)=C(F)C(F)=C2F)(=O)=O)(=O)=O)C(F)=C(F)C(F)=C1F,10.5,2.29
O=S(NS(C1=CC=C([N+]([O-])=O)C=C1)(=O)=O)(C2=CC=C(C)C=C2)=O,10.5,2.46
C/C=C/C=C/C(O)=O,10.5,-0.4
O=C1NC(=O)c2ccccc12,10.5,0.05
ON1C(=O)c2ccccc2C1=O,10.5,-0.43
NCCCC(O)=O,10.5,-1.52
NCCC(O)=O,10.5,-2.46
OC(=O)c1ccccc1,10.5,-0.02
OC(=O)c1cc(cc(c1)[N+]([O-])=O)[N+]([O-])=O,10.5,1.43
OC(=O)c1cccc(c1)C(F)(F)F,10.5,1.5
Oc1c(F)c(F)c(F)c(F)c1F,10.5,1.67
CC(C)(C)c1ccc(cc1)C(O)=O,10.5,0.83
Oc1c(F)c(F)c(c(F)c1F)c2c(F)c(F)c(F)c(F)c2F,10.5,2.84
Oc1c(c(c(c(c1C(F)(F)F)C(F)(F)F)C(F)(F)F)C(F)(F)F)C(F)(F)F,10.5,3.01
Oc1ccc(cc1)c2ccccc2,10.5,0.51
Oc1ccccc1c2ccccc2,10.5,-0.07
OC(=O)c1cccc(Cl)c1,10.5,0.95
Nc1ccc(cc1)C(O)=O,10.5,-0.83
Nc1cccc(c1)C(O)=O,10.5,0.03
Oc1ccc(cc1[N+]([O-])=O)[N+]([O-])=O,10.5,1.71
CN(C)c1cccc(c1)C(O)=O,10.5,0.38
CC(C)c1ccc(cc1)C(O)=O,10.5,0.39
CC(C)(C)c1ccccc1O,10.5,-0.19
CC(C)(C)c1cc(c(O)c(c1)C(C)(C)C)C(C)(C)C,10.5,-0.45
Oc1cc(ccc1[N+]([O-])=O)[N+]([O-])=O,10.5,1.34
Oc1cccc(Cl)c1,10.5,0.29
CC(C)c1ccccc1O,10.5,-1.42
Oc1cccc(Br)c1,10.5,0.65
Oc1ccccc1Br,10.5,-0.4
Oc1c(cccc1[N+]([O-])=O)[N+]([O-])=O,10.5,1.38
Oc1ccccc1[N+]([O-])=O,10.5,-0.78
Oc1cccc(c1)[N+]([O-])=O,10.5,0.84
Oc1ccc(cc1)[N+]([O-])=O,10.5,0.89
Oc1c(F)c(F)cc(F)c1F,10.5,0.87
OC(C1=CC=CC(S(=O)(C(F)(C(F)(C(F)(F)F)F)F)=O)=C1)=O,10.5,2.26
OC(C1=CC=CC(S(=O)(C(C(F)(F)F)(C(F)(F)F)C(F)(F)F)=O)=C1)=O,10.5,2.18
OC(C1=CC=CC(SC(F)(C(F)(C(F)(F)F)F)F)=C1)=O,10.5,1.71
OC(=O)c1cccc(c1)[S](=O)(=O)C(F)(F)F,10.5,1.63
FC(F)(F)C(c1cccc(c1)C(=O)O)(C(F)(F)F)C(F)(F)F,10.5,1.9
OC(C1=CC=CC(SC(F)(F)F)=C1)=O,10.5,1.37
Oc1c(Br)c(Br)c(Br)c(Br)c1Br,10.5,1.25
Oc1c(Cl)c(Cl)c(Cl)c(Cl)c1Cl,10.5,1.77
O=S(C1=C(O)C(S(=O)(OCC(F)(F)F)=O)=CC(S(=O)(OCC(F)(F)F)=O)=C1)(OCC(F)(F)F)=O,10.5,3.44
OC(=O)c1ccccc1O,10.5,0.56
Oc1ccccc1C#N,10.5,0.43
Oc1ccccc1N=Nc2cc(ccc2O)c3ccccc3,10.5,0.64
OC(=O)c1cc(I)cc(I)c1O,10.5,2.01
Oc1c(cc(c(O)c1[N+]([O-])=O)[N+]([O-])=O)[N+]([O-])=O,10.5,1.79
OC(=O)c1cc(cc(c1O)[N+]([O-])=O)[N+]([O-])=O,10.5,1.75
OC(=O)c1ccc(cc1[N+]([O-])=O)[N+]([O-])=O,10.5,0.57
Oc1ccc(Cl)cc1,10.5,-0.08
O=S(C1=C(O)C(S(=O)(OCC(F)(C(F)F)F)=O)=CC(S(=O)(OCC(F)(C(F)F)F)=O)=C1)(OCC(F)(C(F)F)F)=O,10.5,3.08
FC1=C(O)C(F)=C(F)C2=C(F)C(F)=C(F)C(F)=C21,10.5,1.73
O[S](=O)(=O)c1ccc(cc1[N+]([O-])=O)[N+]([O-])=O,10.5,1.83
O=S(C1=CC=CC2=CC=CC=C21)(O)=O,10.5,1.66
O[S](=O)(=O)c1ccc2C(=O)c3ccccc3C(=O)c2c1,10.5,2.04
N[S](=O)(=O)c1cccc(c1)[N+]([O-])=O,10.5,1.23
O=S(O)(C(C(C(C(C(C(C(C(F)(F)F)(F)F)(F)F)(F)F)(F)F)(F)F)(F)F)(F)F)=O,10.5,2.91
OC(C(F)(F)F)(C(F)(F)F)C(F)(F)F,10.5,1.64
FC1=C(S(NS(C2=C(F)C(F)=C(F)C(F)=C2F)(=O)=O)(=O)=O)C(F)=C(F)C(F)=C1F,10.5,2.5
O=S(NS(C1=CC=C([N+]([O-])=O)C=C1)(=O)=O)(C2=CC=C(C)C=C2)=O,10.5,2.63
O=C1NC(=O)c2ccccc12,10.5,-1.58
ON1C(=O)c2ccccc2C1=O,10.5,0.43
OC(=O)c1ccccc1,2.78,-1.52
OC(=O)c1cc(cc(c1)[N+]([O-])=O)[N+]([O-])=O,2.78,0.54
OC(=O)c1cccc(c1)C(F)(F)F,2.78,0.66
Oc1c(F)c(F)c(F)c(F)c1F,2.78,0.19
CC(C)(C)c1ccc(cc1)C(O)=O,2.78,-0.22
Oc1c(F)c(F)c(c(F)c1F)c2c(F)c(F)c(F)c(F)c2F,2.78,2.12
Oc1ccc(cc1)c2ccccc2,2.78,-1.45
OC(=O)c1cccc(Cl)c1,2.78,-0.12
Nc1ccc(cc1)C(O)=O,2.78,-2.32
OC(=O)c1ccc(O)cc1,2.78,-0.44
Nc1cccc(c1)C(O)=O,2.78,-1.86
OC(=O)c1c(F)c(F)c(F)c(F)c1F,2.78,0.47
Oc1ccc(cc1[N+]([O-])=O)[N+]([O-])=O,2.78,0.79
CN(C)c1cccc(c1)C(O)=O,2.78,-1.35
CC(C)c1ccc(cc1)C(O)=O,2.78,-0.83
Oc1cc(ccc1[N+]([O-])=O)[N+]([O-])=O,2.78,0.44
Oc1cccc(Cl)c1,2.78,-1.03
Oc1cccc(Br)c1,2.78,-0.44
Oc1c(cccc1[N+]([O-])=O)[N+]([O-])=O,2.78,0.61
Oc1cccc(c1)[N+]([O-])=O,2.78,0.39
Oc1ccc(cc1)[N+]([O-])=O,2.78,0.46
Oc1c(F)c(F)cc(F)c1F,2.78,-0.42
OC(C1=CC=CC(S(=O)(C(F)(C(F)(C(F)(F)F)F)F)=O)=C1)=O,2.78,1.45
OC(C1=CC=CC(S(=O)(C(C(F)(F)F)(C(F)(F)F)C(F)(F)F)=O)=C1)=O,2.78,1.3
OC(C1=CC=CC(SC(F)(C(F)(C(F)(F)F)F)F)=C1)=O,2.78,0.99
OC(=O)c1cccc(c1)[S](=O)(=O)C(F)(F)F,2.78,1.02
FC(F)(F)C(c1cccc(c1)C(=O)O)(C(F)(F)F)C(F)(F)F,2.78,1.28
OC(C1=CC=CC(SC(F)(F)F)=C1)=O,2.78,0.68
Oc1c(Br)c(Br)c(Br)c(Br)c1Br,2.78,1.35
Oc1c(Cl)c(Cl)c(Cl)c(Cl)c1Cl,2.78,1.46
OC(=O)c1ccccc1O,2.78,-0.11
Oc1ccccc1C#N,2.78,-0.17
Oc1ccccc1N=Nc2cc(ccc2O)c3ccccc3,2.78,0.76
OC(=O)c1cc(I)cc(I)c1O,2.78,1.35
Oc1c(cc(c(O)c1[N+]([O-])=O)[N+]([O-])=O)[N+]([O-])=O,2.78,1.01
OC(=O)c1cc(cc(c1O)[N+]([O-])=O)[N+]([O-])=O,2.78,0.84
OC(=O)c1ccc(cc1[N+]([O-])=O)[N+]([O-])=O,2.78,-0.36
Oc1ccc(Cl)cc1,2.78,-1.28
FC1=C(O)C(F)=C(F)C2=C(F)C(F)=C(F)C(F)=C21,2.78,1.31
O[S](=O)(=O)c1ccc(cc1[N+]([O-])=O)[N+]([O-])=O,2.78,0.91
O=S(C1=CC=CC2=CC=CC=C21)(O)=O,2.78,0.47
O[S](=O)(=O)c1ccc2C(=O)c3ccccc3C(=O)c2c1,2.78,1.32
N[S](=O)(=O)c1cccc(c1)[N+]([O-])=O,2.78,0.5
O=S(O)(C(C(C(C(C(C(C(C(F)(F)F)(F)F)(F)F)(F)F)(F)F)(F)F)(F)F)(F)F)=O,2.78,2.34
OC(C(F)(F)F)(C(F)(F)F)C(F)(F)F,2.78,-0.41
CCCCCCCCCCCCCC(O)=O,2.78,-0.71
FC1=C(S(NS(C2=C(F)C(F)=C(F)C(F)=C2F)(=O)=O)(=O)=O)C(F)=C(F)C(F)=C1F,2.78,1.76
O=S(NS(C1=CC=C([N+]([O-])=O)C=C1)(=O)=O)(C2=CC=C(C)C=C2)=O,2.78,1.85
ON1C(=O)c2ccccc2C1=O,2.78,-1.46
OC(=O)c1ccccc1,2.78,-0.84
OC(=O)c1cc(cc(c1)[N+]([O-])=O)[N+]([O-])=O,2.78,1.01
OC(=O)c1cccc(c1)C(F)(F)F,2.78,1.01
Oc1c(F)c(F)c(F)c(F)c1F,2.78,1.02
CC(C)(C)c1ccc(cc1)C(O)=O,2.78,-0.14
Oc1c(F)c(F)c(c(F)c1F)c2c(F)c(F)c(F)c(F)c2F,2.78,2.57
Oc1c(c(c(c(c1C(F)(F)F)C(F)(F)F)C(F)(F)F)C(F)(F)F)C(F)(F)F,2.78,2.96
Oc1ccc(cc1)c2ccccc2,2.78,-0.48
Oc1ccccc1c2ccccc2,2.78,-1.79
OC(=O)c1cccc(Cl)c1,2.78,0.35
Nc1ccc(cc1)C(O)=O,2.78,-1.43
OC(=O)c1ccc(O)cc1,2.78,-0.04
Nc1cccc(c1)C(O)=O,2.78,-1.1
OC(=O)c1c(F)c(F)c(F)c(F)c1F,2.78,1.1
Oc1ccc(cc1[N+]([O-])=O)[N+]([O-])=O,2.78,1.59
CN(C)c1cccc(c1)C(O)=O,2.78,-0.7
CC(C)c1ccc(cc1)C(O)=O,2.78,-0.47
CC(C)(C)c1ccccc1O,2.78,-2.67
CC(C)(C)c1cc(c(O)c(c1)C(C)(C)C)C(C)(C)C,2.78,-1.13
Oc1cc(ccc1[N+]([O-])=O)[N+]([O-])=O,2.78,1.09
Oc1cccc(Cl)c1,2.78,-0.36
Oc1cccc(Br)c1,2.78,0.22
Oc1ccccc1Br,2.78,-2.21
Oc1c(cccc1[N+]([O-])=O)[N+]([O-])=O,2.78,0.85
Oc1ccccc1[N+]([O-])=O,2.78,-2.08
Oc1cccc(c1)[N+]([O-])=O,2.78,0.75
Oc1ccc(cc1)[N+]([O-])=O,2.78,1.03
Oc1c(F)c(F)cc(F)c1F,2.78,0.36
OC(C1=CC=CC(S(=O)(C(F)(C(F)(C(F)(F)F)F)F)=O)=C1)=O,2.78,1.91
OC(C1=CC=CC(S(=O)(C(C(F)(F)F)(C(F)(F)F)C(F)(F)F)=O)=C1)=O,2.78,1.72
OC(C1=CC=CC(SC(F)(C(F)(C(F)(F)F)F)F)=C1)=O,2.78,1.31
OC(=O)c1cccc(c1)[S](=O)(=O)C(F)(F)F,2.78,1.25
FC(F)(F)C(c1cccc(c1)C(=O)O)(C(F)(F)F)C(F)(F)F,2.78,1.7
OC(C1=CC=CC(SC(F)(F)F)=C1)=O,2.78,1.11
Oc1c(Br)c(Br)c(Br)c(Br)c1Br,2.78,1.91
Oc1c(Cl)c(Cl)c(Cl)c(Cl)c1Cl,2.78,2.34
O=S(C1=C(O)C(S(=O)(OCC(F)(F)F)=O)=CC(S(=O)(OCC(F)(F)F)=O)=C1)(OCC(F)(F)F)=O,2.78,4
OC(=O)c1ccccc1O,2.78,0.35
Oc1ccccc1C#N,2.78,0.33
Oc1ccccc1N=Nc2cc(ccc2O)c3ccccc3,2.78,1.24
OC(=O)c1cc(I)cc(I)c1O,2.78,2.27
Oc1c(cc(c(O)c1[N+]([O-])=O)[N+]([O-])=O)[N+]([O-])=O,2.78,1.48
OC(=O)c1cc(cc(c1O)[N+]([O-])=O)[N+]([O-])=O,2.78,1.48
OC(=O)c1ccc(cc1[N+]([O-])=O)[N+]([O-])=O,2.78,-0.07
Oc1ccc(Cl)cc1,2.78,-0.37
O=S(C1=C(O)C(S(=O)(OCC(F)(C(F)F)F)=O)=CC(S(=O)(OCC(F)(C(F)F)F)=O)=C1)(OCC(F)(C(F)F)F)=O,2.78,3.58
FC1=C(O)C(F)=C(F)C2=C(F)C(F)=C(F)C(F)=C21,2.78,2.06
O[S](=O)(=O)c1ccc(cc1[N+]([O-])=O)[N+]([O-])=O,2.78,1.67
O=S(C1=CC=CC2=CC=CC=C21)(O)=O,2.78,1.19
O[S](=O)(=O)c1ccc2C(=O)c3ccccc3C(=O)c2c1,2.78,1.59
N[S](=O)(=O)c1cccc(c1)[N+]([O-])=O,2.78,1.11
O=S(O)(C(C(C(C(C(C(C(C(F)(F)F)(F)F)(F)F)(F)F)(F)F)(F)F)(F)F)(F)F)=O,2.78,2.74
OC(C(F)(F)F)(C(F)(F)F)C(F)(F)F,2.78,0.34
CCCCCCCCCCCCCC(O)=O,2.78,0.28
FC1=C(S(NS(C2=C(F)C(F)=C(F)C(F)=C2F)(=O)=O)(=O)=O)C(F)=C(F)C(F)=C1F,2.78,2.68
O=S(NS(C1=CC=C([N+]([O-])=O)C=C1)(=O)=O)(C2=CC=C(C)C=C2)=O,2.78,2.6
C/C=C/C=C/C(O)=O,2.78,-1.98
O=C1NC(=O)c2ccccc12,2.78,-1.99
ON1C(=O)c2ccccc2C1=O,2.78,-0.36
NCCCC(O)=O,2.78,-2.13
NCCC(O)=O,2.78,-2.57
OC(=O)c1ccccc1,5,-0.65
OC(=O)c1cc(cc(c1)[N+]([O-])=O)[N+]([O-])=O,5,0.86
OC(=O)c1cccc(c1)C(F)(F)F,5,1.03
Oc1c(F)c(F)c(F)c(F)c1F,5,0.65
CC(C)(C)c1ccc(cc1)C(O)=O,5,0.78
Oc1c(F)c(F)c(c(F)c1F)c2c(F)c(F)c(F)c(F)c2F,5,2.49
Oc1c(c(c(c(c1C(F)(F)F)C(F)(F)F)C(F)(F)F)C(F)(F)F)C(F)(F)F,5,2.53
Oc1ccc(cc1)c2ccccc2,5,0.57
Oc1ccccc1c2ccccc2,5,0.05
OC(=O)c1cccc(Cl)c1,5,0.36
Nc1ccc(cc1)C(O)=O,5,-1.26
OC(=O)c1ccc(O)cc1,5,0.02
Nc1cccc(c1)C(O)=O,5,-0.86
OC(=O)c1c(F)c(F)c(F)c(F)c1F,5,0.9
Oc1ccc(cc1[N+]([O-])=O)[N+]([O-])=O,5,1.56
CN(C)c1cccc(c1)C(O)=O,5,0.17
CC(C)c1ccc(cc1)C(O)=O,5,-0.53
CC(C)(C)c1ccccc1O,5,-1.05
Oc1cc(ccc1[N+]([O-])=O)[N+]([O-])=O,5,0.94
Oc1cccc(Cl)c1,5,-0.03
CC(C)c1ccccc1O,5,-1.38
Oc1cccc(Br)c1,5,0.29
Oc1c(cccc1[N+]([O-])=O)[N+]([O-])=O,5,1.04
Oc1ccccc1[N+]([O-])=O,5,-1.06
Oc1cccc(c1)[N+]([O-])=O,5,1.21
Oc1ccc(cc1)[N+]([O-])=O,5,1.31
Oc1c(F)c(F)cc(F)c1F,5,0.04
OC(C1=CC=CC(S(=O)(C(F)(C(F)(C(F)(F)F)F)F)=O)=C1)=O,5,1.7
OC(C1=CC=CC(S(=O)(C(C(F)(F)F)(C(F)(F)F)C(F)(F)F)=O)=C1)=O,5,1.88
OC(C1=CC=CC(SC(F)(C(F)(C(F)(F)F)F)F)=C1)=O,5,1.33
OC(=O)c1cccc(c1)[S](=O)(=O)C(F)(F)F,5,1.35
FC(F)(F)C(c1cccc(c1)C(=O)O)(C(F)(F)F)C(F)(F)F,5,1.66
OC(C1=CC=CC(SC(F)(F)F)=C1)=O,5,0.93
Oc1c(Cl)c(Cl)c(Cl)c(Cl)c1Cl,5,1.81
O=S(C1=C(O)C(S(=O)(OCC(F)(F)F)=O)=CC(S(=O)(OCC(F)(F)F)=O)=C1)(OCC(F)(F)F)=O,5,3.79
OC(=O)c1ccccc1O,5,0.33
Oc1ccccc1C#N,5,0.58
Oc1ccccc1N=Nc2cc(ccc2O)c3ccccc3,5,1.38
OC(=O)c1cc(I)cc(I)c1O,5,2.04
Oc1c(cc(c(O)c1[N+]([O-])=O)[N+]([O-])=O)[N+]([O-])=O,5,1.6
OC(=O)c1cc(cc(c1O)[N+]([O-])=O)[N+]([O-])=O,5,1.76
OC(=O)c1ccc(cc1[N+]([O-])=O)[N+]([O-])=O,5,-0.24
Oc1ccc(Cl)cc1,5,-0.14
O=S(C1=C(O)C(S(=O)(OCC(F)(C(F)F)F)=O)=CC(S(=O)(OCC(F)(C(F)F)F)=O)=C1)(OCC(F)(C(F)F)F)=O,5,3.34
FC1=C(O)C(F)=C(F)C2=C(F)C(F)=C(F)C(F)=C21,5,1.01
O[S](=O)(=O)c1ccc(cc1[N+]([O-])=O)[N+]([O-])=O,5,1.1
O=S(C1=CC=CC2=CC=CC=C21)(O)=O,5,0.79
O[S](=O)(=O)c1ccc2C(=O)c3ccccc3C(=O)c2c1,5,1.06
N[S](=O)(=O)c1cccc(c1)[N+]([O-])=O,5,0.8
O=S(O)(C(C(C(C(C(C(C(C(F)(F)F)(F)F)(F)F)(F)F)(F)F)(F)F)(F)F)(F)F)=O,5,1.98
OC(C(F)(F)F)(C(F)(F)F)C(F)(F)F,5,0.33
CCCCCCCCCCCCCC(O)=O,5,0.83
FC1=C(S(NS(C2=C(F)C(F)=C(F)C(F)=C2F)(=O)=O)(=O)=O)C(F)=C(F)C(F)=C1F,5,1.96
O=S(NS(C1=CC=C([N+]([O-])=O)C=C1)(=O)=O)(C2=CC=C(C)C=C2)=O,5,1.73
C/C=C/C=C/C(O)=O,5,-2.07
O=C1NC(=O)c2ccccc12,5,-1.85
ON1C(=O)c2ccccc2C1=O,5,-1.13
OC(=O)c1ccccc1,5,-0.25
OC(=O)c1cc(cc(c1)[N+]([O-])=O)[N+]([O-])=O,5,1.13
OC(=O)c1cccc(c1)C(F)(F)F,5,1.15
Oc1c(F)c(F)c(F)c(F)c1F,5,1.24
CC(C)(C)c1ccc(cc1)C(O)=O,5,1.02
Oc1c(F)c(F)c(c(F)c1F)c2c(F)c(F)c(F)c(F)c2F,5,2.66
Oc1c(c(c(c(c1C(F)(F)F)C(F)(F)F)C(F)(F)F)C(F)(F)F)C(F)(F)F,5,2.94
Oc1ccc(cc1)c2ccccc2,5,0.85
Oc1ccccc1c2ccccc2,5,0.55
OC(=O)c1cccc(Cl)c1,5,0.38
Nc1ccc(cc1)C(O)=O,5,-0.61
OC(=O)c1ccc(O)cc1,5,-0.06
Nc1cccc(c1)C(O)=O,5,-0.37
OC(=O)c1c(F)c(F)c(F)c(F)c1F,5,0.82
Oc1ccc(cc1[N+]([O-])=O)[N+]([O-])=O,5,1.38
CN(C)c1cccc(c1)C(O)=O,5,0.52
CC(C)c1ccc(cc1)C(O)=O,5,0.13
CC(C)(C)c1ccccc1O,5,0.32
CC(C)(C)c1cc(c(O)c(c1)C(C)(C)C)C(C)(C)C,5,0.79
Oc1cc(ccc1[N+]([O-])=O)[N+]([O-])=O,5,1.21
Oc1cccc(Cl)c1,5,0.44
CC(C)c1ccccc1O,5,-0.19
Oc1cccc(Br)c1,5,0.81
Oc1ccccc1Br,5,-0.91
Oc1c(cccc1[N+]([O-])=O)[N+]([O-])=O,5,0.8
Oc1ccccc1[N+]([O-])=O,5,-0.92
Oc1cccc(c1)[N+]([O-])=O,5,0.87
Oc1ccc(cc1)[N+]([O-])=O,5,0.83
Oc1c(F)c(F)cc(F)c1F,5,0.5
OC(C1=CC=CC(S(=O)(C(F)(C(F)(C(F)(F)F)F)F)=O)=C1)=O,5,1.89
OC(C1=CC=CC(S(=O)(C(C(F)(F)F)(C(F)(F)F)C(F)(F)F)=O)=C1)=O,5,1.82
OC(C1=CC=CC(SC(F)(C(F)(C(F)(F)F)F)F)=C1)=O,5,1.46
OC(=O)c1cccc(c1)[S](=O)(=O)C(F)(F)F,5,1.48
FC(F)(F)C(c1cccc(c1)C(=O)O)(C(F)(F)F)C(F)(F)F,5,1.87
OC(C1=CC=CC(SC(F)(F)F)=C1)=O,5,1.03
Oc1c(Br)c(Br)c(Br)c(Br)c1Br,5,1.84
Oc1c(Cl)c(Cl)c(Cl)c(Cl)c1Cl,5,2.17
O=S(C1=C(O)C(S(=O)(OCC(F)(F)F)=O)=CC(S(=O)(OCC(F)(F)F)=O)=C1)(OCC(F)(F)F)=O,5,3.79
OC(=O)c1ccccc1O,5,0.24
Oc1ccccc1C#N,5,0.38
Oc1ccccc1N=Nc2cc(ccc2O)c3ccccc3,5,1.42
OC(=O)c1cc(I)cc(I)c1O,5,2.22
Oc1c(cc(c(O)c1[N+]([O-])=O)[N+]([O-])=O)[N+]([O-])=O,5,1.29
OC(=O)c1cc(cc(c1O)[N+]([O-])=O)[N+]([O-])=O,5,1.58
OC(=O)c1ccc(cc1[N+]([O-])=O)[N+]([O-])=O,5,0.33
Oc1ccc(Cl)cc1,5,0.29
O=S(C1=C(O)C(S(=O)(OCC(F)(C(F)F)F)=O)=CC(S(=O)(OCC(F)(C(F)F)F)=O)=C1)(OCC(F)(C(F)F)F)=O,5,3.3
FC1=C(O)C(F)=C(F)C2=C(F)C(F)=C(F)C(F)=C21,5,1.82
O[S](=O)(=O)c1ccc(cc1[N+]([O-])=O)[N+]([O-])=O,5,1.24
O=S(C1=CC=CC2=CC=CC=C21)(O)=O,5,1.07
O[S](=O)(=O)c1ccc2C(=O)c3ccccc3C(=O)c2c1,5,1.61
N[S](=O)(=O)c1cccc(c1)[N+]([O-])=O,5,1.05
O=S(O)(C(C(C(C(C(C(C(C(F)(F)F)(F)F)(F)F)(F)F)(F)F)(F)F)(F)F)(F)F)=O,5,2.59
OC(C(F)(F)F)(C(F)(F)F)C(F)(F)F,5,0.68
CCCCCCCCCCCCCC(O)=O,5,1.2
FC1=C(S(NS(C2=C(F)C(F)=C(F)C(F)=C2F)(=O)=O)(=O)=O)C(F)=C(F)C(F)=C1F,5,2.3
O=S(NS(C1=CC=C([N+]([O-])=O)C=C1)(=O)=O)(C2=CC=C(C)C=C2)=O,5,2.41
C/C=C/C=C/C(O)=O,5,-0.56
O=C1NC(=O)c2ccccc12,5,-0.59
ON1C(=O)c2ccccc2C1=O,5,0.27
NCCCC(O)=O,5,-1.6
NCCC(O)=O,5,-2.04
OC(=O)c1ccccc1,5,-0.1
OC(=O)c1cc(cc(c1)[N+]([O-])=O)[N+]([O-])=O,5,1.2
OC(=O)c1cccc(c1)C(F)(F)F,5,1.26
Oc1c(F)c(F)c(F)c(F)c1F,5,1.32
CC(C)(C)c1ccc(cc1)C(O)=O,5,1.03
Oc1c(F)c(F)c(c(F)c1F)c2c(F)c(F)c(F)c(F)c2F,5,2.8
Oc1c(c(c(c(c1C(F)(F)F)C(F)(F)F)C(F)(F)F)C(F)(F)F)C(F)(F)F,5,3.06
Oc1ccc(cc1)c2ccccc2,5,0.68
Oc1ccccc1c2ccccc2,5,0.39
OC(=O)c1cccc(Cl)c1,5,0.55
Nc1ccc(cc1)C(O)=O,5,-0.66
OC(=O)c1ccc(O)cc1,5,0.13
Nc1cccc(c1)C(O)=O,5,-0.3
OC(=O)c1c(F)c(F)c(F)c(F)c1F,5,1.14
Oc1ccc(cc1[N+]([O-])=O)[N+]([O-])=O,5,1.66
CN(C)c1cccc(c1)C(O)=O,5,0.45
CC(C)c1ccc(cc1)C(O)=O,5,-0.01
CC(C)(C)c1ccccc1O,5,0.31
CC(C)(C)c1cc(c(O)c(c1)C(C)(C)C)C(C)(C)C,5,0.44
Oc1cc(ccc1[N+]([O-])=O)[N+]([O-])=O,5,1.6
Oc1cccc(Cl)c1,5,0.74
CC(C)c1ccccc1O,5,-0.14
Oc1cccc(Br)c1,5,0.96
Oc1ccccc1Br,5,-0.64
Oc1c(cccc1[N+]([O-])=O)[N+]([O-])=O,5,1.44
Oc1ccccc1[N+]([O-])=O,5,-0.52
Oc1cccc(c1)[N+]([O-])=O,5,1.51
Oc1ccc(cc1)[N+]([O-])=O,5,1.63
Oc1c(F)c(F)cc(F)c1F,5,0.92
OC(C1=CC=CC(S(=O)(C(F)(C(F)(C(F)(F)F)F)F)=O)=C1)=O,5,2.14
OC(C1=CC=CC(S(=O)(C(C(F)(F)F)(C(F)(F)F)C(F)(F)F)=O)=C1)=O,5,2.06
OC(C1=CC=CC(SC(F)(C(F)(C(F)(F)F)F)F)=C1)=O,5,1.62
OC(=O)c1cccc(c1)[S](=O)(=O)C(F)(F)F,5,1.73
FC(F)(F)C(c1cccc(c1)C(=O)O)(C(F)(F)F)C(F)(F)F,5,1.96
OC(C1=CC=CC(SC(F)(F)F)=C1)=O,5,1.28
Oc1c(Br)c(Br)c(Br)c(Br)c1Br,5,1.17
Oc1c(Cl)c(Cl)c(Cl)c(Cl)c1Cl,5,2.33
O=S(C1=C(O)C(S(=O)(OCC(F)(F)F)=O)=CC(S(=O)(OCC(F)(F)F)=O)=C1)(OCC(F)(F)F)=O,5,4.02
OC(=O)c1ccccc1O,5,0.63
Oc1ccccc1C#N,5,0.86
Oc1ccccc1N=Nc2cc(ccc2O)c3ccccc3,5,1.82
OC(=O)c1cc(I)cc(I)c1O,5,2.38
Oc1c(cc(c(O)c1[N+]([O-])=O)[N+]([O-])=O)[N+]([O-])=O,5,1.7
OC(=O)c1cc(cc(c1O)[N+]([O-])=O)[N+]([O-])=O,5,2.04
OC(=O)c1ccc(cc1[N+]([O-])=O)[N+]([O-])=O,5,0.48
Oc1ccc(Cl)cc1,5,0.59
O=S(C1=C(O)C(S(=O)(OCC(F)(C(F)F)F)=O)=CC(S(=O)(OCC(F)(C(F)F)F)=O)=C1)(OCC(F)(C(F)F)F)=O,5,3.61
FC1=C(O)C(F)=C(F)C2=C(F)C(F)=C(F)C(F)=C21,5,1.54
O[S](=O)(=O)c1ccc(cc1[N+]([O-])=O)[N+]([O-])=O,5,1.81
O=S(C1=CC=CC2=CC=CC=C21)(O)=O,5,1.29
O[S](=O)(=O)c1ccc2C(=O)c3ccccc3C(=O)c2c1,5,1.92
N[S](=O)(=O)c1cccc(c1)[N+]([O-])=O,5,1.46
O=S(O)(C(C(C(C(C(C(C(C(F)(F)F)(F)F)(F)F)(F)F)(F)F)(F)F)(F)F)(F)F)=O,5,2.82
OC(C(F)(F)F)(C(F)(F)F)C(F)(F)F,5,0.81
CCCCCCCCCCCCCC(O)=O,5,1.44
FC1=C(S(NS(C2=C(F)C(F)=C(F)C(F)=C2F)(=O)=O)(=O)=O)C(F)=C(F)C(F)=C1F,5,2.53
O=S(NS(C1=CC=C([N+]([O-])=O)C=C1)(=O)=O)(C2=CC=C(C)C=C2)=O,5,2.63
C/C=C/C=C/C(O)=O,5,-0.51
O=C1NC(=O)c2ccccc12,5,-0.54
ON1C(=O)c2ccccc2C1=O,5,0.35
OC(=O)c1ccccc1,5,0.1
OC(=O)c1cc(cc(c1)[N+]([O-])=O)[N+]([O-])=O,5,1.2
OC(=O)c1cccc(c1)C(F)(F)F,5,1.31
Oc1c(F)c(F)c(F)c(F)c1F,5,1.25
CC(C)(C)c1ccc(cc1)C(O)=O,5,1.32
Oc1c(F)c(F)c(c(F)c1F)c2c(F)c(F)c(F)c(F)c2F,5,2.7
Oc1c(c(c(c(c1C(F)(F)F)C(F)(F)F)C(F)(F)F)C(F)(F)F)C(F)(F)F,5,2.84
Oc1ccc(cc1)c2ccccc2,5,0.85
Oc1ccccc1c2ccccc2,5,0.49
OC(=O)c1cccc(Cl)c1,5,0.76
Nc1ccc(cc1)C(O)=O,5,-0.3
OC(=O)c1ccc(O)cc1,5,0.21
Nc1cccc(c1)C(O)=O,5,-0.05
OC(=O)c1c(F)c(F)c(F)c(F)c1F,5,1.26
Oc1ccc(cc1[N+]([O-])=O)[N+]([O-])=O,5,1.45
CN(C)c1cccc(c1)C(O)=O,5,0.82
CC(C)c1ccc(cc1)C(O)=O,5,0.43
CC(C)(C)c1ccccc1O,5,0.35
CC(C)(C)c1cc(c(O)c(c1)C(C)(C)C)C(C)(C)C,5,1
Oc1cc(ccc1[N+]([O-])=O)[N+]([O-])=O,5,1.44
Oc1cccc(Cl)c1,5,0.66
CC(C)c1ccccc1O,5,-0.05
Oc1cccc(Br)c1,5,0.99
Oc1ccccc1Br,5,-0.53
Oc1c(cccc1[N+]([O-])=O)[N+]([O-])=O,5,1.37
Oc1ccccc1[N+]([O-])=O,5,-0.82
Oc1cccc(c1)[N+]([O-])=O,5,1.2
Oc1ccc(cc1)[N+]([O-])=O,5,1.22
Oc1c(F)c(F)cc(F)c1F,5,1
OC(C1=CC=CC(S(=O)(C(F)(C(F)(C(F)(F)F)F)F)=O)=C1)=O,5,2.43
OC(C1=CC=CC(S(=O)(C(C(F)(F)F)(C(F)(F)F)C(F)(F)F)=O)=C1)=O,5,2.46
OC(C1=CC=CC(SC(F)(C(F)(C(F)(F)F)F)F)=C1)=O,5,2.12
OC(=O)c1cccc(c1)[S](=O)(=O)C(F)(F)F,5,1.96
FC(F)(F)C(c1cccc(c1)C(=O)O)(C(F)(F)F)C(F)(F)F,5,2.4
OC(C1=CC=CC(SC(F)(F)F)=C1)=O,5,1.35
Oc1c(Br)c(Br)c(Br)c(Br)c1Br,5,1.88
Oc1c(Cl)c(Cl)c(Cl)c(Cl)c1Cl,5,2.53
O=S(C1=C(O)C(S(=O)(OCC(F)(F)F)=O)=CC(S(=O)(OCC(F)(F)F)=O)=C1)(OCC(F)(F)F)=O,5,4.11
OC(=O)c1ccccc1O,5,0.69
Oc1ccccc1C#N,5,0.92
Oc1ccccc1N=Nc2cc(ccc2O)c3ccccc3,5,1.76
OC(=O)c1cc(I)cc(I)c1O,5,2.42
Oc1c(cc(c(O)c1[N+]([O-])=O)[N+]([O-])=O)[N+]([O-])=O,5,1.68
OC(=O)c1cc(cc(c1O)[N+]([O-])=O)[N+]([O-])=O,5,1.83
OC(=O)c1ccc(cc1[N+]([O-])=O)[N+]([O-])=O,5,0.43
Oc1ccc(Cl)cc1,5,0.67
O=S(C1=C(O)C(S(=O)(OCC(F)(C(F)F)F)=O)=CC(S(=O)(OCC(F)(C(F)F)F)=O)=C1)(OCC(F)(C(F)F)F)=O,5,4.03
FC1=C(O)C(F)=C(F)C2=C(F)C(F)=C(F)C(F)=C21,5,2.11
O[S](=O)(=O)c1ccc(cc1[N+]([O-])=O)[N+]([O-])=O,5,1.88
O=S(C1=CC=CC2=CC=CC=C21)(O)=O,5,1.63
O[S](=O)(=O)c1ccc2C(=O)c3ccccc3C(=O)c2c1,5,2.16
N[S](=O)(=O)c1cccc(c1)[N+]([O-])=O,5,1.57
O=S(O)(C(C(C(C(C(C(C(C(F)(F)F)(F)F)(F)F)(F)F)(F)F)(F)F)(F)F)(F)F)=O,5,3
OC(C(F)(F)F)(C(F)(F)F)C(F)(F)F,5,0.81
CCCCCCCCCCCCCC(O)=O,5,1.83
FC1=C(S(NS(C2=C(F)C(F)=C(F)C(F)=C2F)(=O)=O)(=O)=O)C(F)=C(F)C(F)=C1F,5,2.65
O=S(NS(C1=CC=C([N+]([O-])=O)C=C1)(=O)=O)(C2=CC=C(C)C=C2)=O,5,2.75
C/C=C/C=C/C(O)=O,5,-0.15
O=C1NC(=O)c2ccccc12,5,-0.11
ON1C(=O)c2ccccc2C1=O,5,0.57
OC(=O)c1ccccc1,7.8,-0.14
OC(=O)c1cc(cc(c1)[N+]([O-])=O)[N+]([O-])=O,7.8,1.16
OC(=O)c1cccc(c1)C(F)(F)F,7.8,1.61
Oc1c(F)c(F)c(F)c(F)c1F,7.8,1.35
CC(C)(C)c1ccc(cc1)C(O)=O,7.8,0.9
Oc1c(F)c(F)c(c(F)c1F)c2c(F)c(F)c(F)c(F)c2F,7.8,2.6
Oc1c(c(c(c(c1C(F)(F)F)C(F)(F)F)C(F)(F)F)C(F)(F)F)C(F)(F)F,7.8,2.8
Oc1ccc(cc1)c2ccccc2,7.8,0.91
Oc1ccccc1c2ccccc2,7.8,0.47
OC(=O)c1cccc(Cl)c1,7.8,0.42
Nc1ccc(cc1)C(O)=O,7.8,-0.55
OC(=O)c1ccc(O)cc1,7.8,-0.15
Nc1cccc(c1)C(O)=O,7.8,-0.33
OC(=O)c1c(F)c(F)c(F)c(F)c1F,7.8,1.1
Oc1ccc(cc1[N+]([O-])=O)[N+]([O-])=O,7.8,1.44
CN(C)c1cccc(c1)C(O)=O,7.8,0.43
CC(C)c1ccc(cc1)C(O)=O,7.8,-0.15
CC(C)(C)c1ccccc1O,7.8,0.23
CC(C)(C)c1cc(c(O)c(c1)C(C)(C)C)C(C)(C)C,7.8,0.32
Oc1cc(ccc1[N+]([O-])=O)[N+]([O-])=O,7.8,1.38
Oc1cccc(Cl)c1,7.8,0.56
CC(C)c1ccccc1O,7.8,-0.21
Oc1cccc(Br)c1,7.8,0.76
Oc1ccccc1Br,7.8,-0.66
Oc1c(cccc1[N+]([O-])=O)[N+]([O-])=O,7.8,1.19
Oc1ccccc1[N+]([O-])=O,7.8,-0.56
Oc1cccc(c1)[N+]([O-])=O,7.8,1.26
Oc1ccc(cc1)[N+]([O-])=O,7.8,1.22
Oc1c(F)c(F)cc(F)c1F,7.8,0.94
OC(C1=CC=CC(S(=O)(C(F)(C(F)(C(F)(F)F)F)F)=O)=C1)=O,7.8,1.96
OC(C1=CC=CC(S(=O)(C(C(F)(F)F)(C(F)(F)F)C(F)(F)F)=O)=C1)=O,7.8,1.99
OC(C1=CC=CC(SC(F)(C(F)(C(F)(F)F)F)F)=C1)=O,7.8,1.53
OC(=O)c1cccc(c1)[S](=O)(=O)C(F)(F)F,7.8,1.59
FC(F)(F)C(c1cccc(c1)C(=O)O)(C(F)(F)F)C(F)(F)F,7.8,1.88
OC(C1=CC=CC(SC(F)(F)F)=C1)=O,7.8,1.07
Oc1c(Cl)c(Cl)c(Cl)c(Cl)c1Cl,7.8,2.18
O=S(C1=C(O)C(S(=O)(OCC(F)(F)F)=O)=CC(S(=O)(OCC(F)(F)F)=O)=C1)(OCC(F)(F)F)=O,7.8,3.83
OC(=O)c1ccccc1O,7.8,0.51
Oc1ccccc1C#N,7.8,0.8
Oc1ccccc1N=Nc2cc(ccc2O)c3ccccc3,7.8,1.75
OC(=O)c1cc(I)cc(I)c1O,7.8,2.14
Oc1c(cc(c(O)c1[N+]([O-])=O)[N+]([O-])=O)[N+]([O-])=O,7.8,2.04
OC(=O)c1cc(cc(c1O)[N+]([O-])=O)[N+]([O-])=O,7.8,1.77
OC(=O)c1ccc(cc1[N+]([O-])=O)[N+]([O-])=O,7.8,0.23
Oc1ccc(Cl)cc1,7.8,0.65
O=S(C1=C(O)C(S(=O)(OCC(F)(C(F)F)F)=O)=CC(S(=O)(OCC(F)(C(F)F)F)=O)=C1)(OCC(F)(C(F)F)F)=O,7.8,3.47
FC1=C(O)C(F)=C(F)C2=C(F)C(F)=C(F)C(F)=C21,7.8,1.32
O[S](=O)(=O)c1ccc(cc1[N+]([O-])=O)[N+]([O-])=O,7.8,1.53
O=S(C1=CC=CC2=CC=CC=C21)(O)=O,7.8,1.36
O[S](=O)(=O)c1ccc2C(=O)c3ccccc3C(=O)c2c1,7.8,1.92
N[S](=O)(=O)c1cccc(c1)[N+]([O-])=O,7.8,1.42
O=S(O)(C(C(C(C(C(C(C(C(F)(F)F)(F)F)(F)F)(F)F)(F)F)(F)F)(F)F)(F)F)=O,7.8,2.59
OC(C(F)(F)F)(C(F)(F)F)C(F)(F)F,7.8,0.75
CCCCCCCCCCCCCC(O)=O,7.8,1.62
FC1=C(S(NS(C2=C(F)C(F)=C(F)C(F)=C2F)(=O)=O)(=O)=O)C(F)=C(F)C(F)=C1F,7.8,2.23
O=S(NS(C1=CC=C([N+]([O-])=O)C=C1)(=O)=O)(C2=CC=C(C)C=C2)=O,7.8,2.39
C/C=C/C=C/C(O)=O,7.8,-0.61
O=C1NC(=O)c2ccccc12,7.8,-0.55
ON1C(=O)c2ccccc2C1=O,7.8,0.29
OC(=O)c1ccccc1,3.45,-0.81
OC(=O)c1cc(cc(c1)[N+]([O-])=O)[N+]([O-])=O,3.45,0.63
OC(=O)c1cccc(c1)C(F)(F)F,3.45,0.62
Oc1c(F)c(F)c(F)c(F)c1F,3.45,0.49
CC(C)(C)c1ccc(cc1)C(O)=O,3.45,-0.32
Oc1c(F)c(F)c(c(F)c1F)c2c(F)c(F)c(F)c(F)c2F,3.45,2.26
Oc1c(c(c(c(c1C(F)(F)F)C(F)(F)F)C(F)(F)F)C(F)(F)F)C(F)(F)F,3.45,2.66
Oc1ccc(cc1)c2ccccc2,3.45,-0.78
Oc1ccccc1c2ccccc2,3.45,-1.27
OC(=O)c1cccc(Cl)c1,3.45,-0.12
Nc1ccc(cc1)C(O)=O,3.45,-1.67
OC(=O)c1ccc(O)cc1,3.45,-0.6
Nc1cccc(c1)C(O)=O,3.45,-1.43
OC(=O)c1c(F)c(F)c(F)c(F)c1F,3.45,0.79
Oc1ccc(cc1[N+]([O-])=O)[N+]([O-])=O,3.45,1.36
CN(C)c1cccc(c1)C(O)=O,3.45,-0.57
CC(C)c1ccc(cc1)C(O)=O,3.45,-0.44
CC(C)(C)c1ccccc1O,3.45,-2.75
CC(C)(C)c1cc(c(O)c(c1)C(C)(C)C)C(C)(C)C,3.45,-1.24
Oc1cc(ccc1[N+]([O-])=O)[N+]([O-])=O,3.45,0.79
Oc1cccc(Cl)c1,3.45,-0.9
Oc1cccc(Br)c1,3.45,-0.45
Oc1c(cccc1[N+]([O-])=O)[N+]([O-])=O,3.45,0.85
Oc1ccccc1[N+]([O-])=O,3.45,-2.38
Oc1cccc(c1)[N+]([O-])=O,3.45,0.75
Oc1ccc(cc1)[N+]([O-])=O,3.45,0.98
OC(C1=CC=CC(S(=O)(C(F)(C(F)(C(F)(F)F)F)F)=O)=C1)=O,3.45,1.35
OC(C1=CC=CC(S(=O)(C(C(F)(F)F)(C(F)(F)F)C(F)(F)F)=O)=C1)=O,3.45,1.34
OC(C1=CC=CC(SC(F)(C(F)(C(F)(F)F)F)F)=C1)=O,3.45,0.95
OC(=O)c1cccc(c1)[S](=O)(=O)C(F)(F)F,3.45,0.84
FC(F)(F)C(c1cccc(c1)C(=O)O)(C(F)(F)F)C(F)(F)F,3.45,1.29
OC(C1=CC=CC(SC(F)(F)F)=C1)=O,3.45,0.42
Oc1c(Cl)c(Cl)c(Cl)c(Cl)c1Cl,3.45,1.68
O=S(C1=C(O)C(S(=O)(OCC(F)(F)F)=O)=CC(S(=O)(OCC(F)(F)F)=O)=C1)(OCC(F)(F)F)=O,3.45,3.52
OC(=O)c1ccccc1O,3.45,0.01
Oc1ccccc1C#N,3.45,0.13
Oc1ccccc1N=Nc2cc(ccc2O)c3ccccc3,3.45,1.08
OC(=O)c1cc(I)cc(I)c1O,3.45,1.68
Oc1c(cc(c(O)c1[N+]([O-])=O)[N+]([O-])=O)[N+]([O-])=O,3.45,1.43
OC(=O)c1cc(cc(c1O)[N+]([O-])=O)[N+]([O-])=O,3.45,1.59
OC(=O)c1ccc(cc1[N+]([O-])=O)[N+]([O-])=O,3.45,-0.36
Oc1ccc(Cl)cc1,3.45,-0.89
O=S(C1=C(O)C(S(=O)(OCC(F)(C(F)F)F)=O)=CC(S(=O)(OCC(F)(C(F)F)F)=O)=C1)(OCC(F)(C(F)F)F)=O,3.45,3.2
FC1=C(O)C(F)=C(F)C2=C(F)C(F)=C(F)C(F)=C21,3.45,0.89
O[S](=O)(=O)c1ccc(cc1[N+]([O-])=O)[N+]([O-])=O,3.45,1.32
O=S(C1=CC=CC2=CC=CC=C21)(O)=O,3.45,0.73
O[S](=O)(=O)c1ccc2C(=O)c3ccccc3C(=O)c2c1,3.45,1.16
N[S](=O)(=O)c1cccc(c1)[N+]([O-])=O,3.45,0.79
O=S(O)(C(C(C(C(C(C(C(C(F)(F)F)(F)F)(F)F)(F)F)(F)F)(F)F)(F)F)(F)F)=O,3.45,2.46
OC(C(F)(F)F)(C(F)(F)F)C(F)(F)F,3.45,0.35
CCCCCCCCCCCCCC(O)=O,3.45,-0.06
FC1=C(S(NS(C2=C(F)C(F)=C(F)C(F)=C2F)(=O)=O)(=O)=O)C(F)=C(F)C(F)=C1F,3.45,2.1
O=S(NS(C1=CC=C([N+]([O-])=O)C=C1)(=O)=O)(C2=CC=C(C)C=C2)=O,3.45,2.02
C/C=C/C=C/C(O)=O,3.45,-3.08
O=C1NC(=O)c2ccccc12,3.45,-2.39
ON1C(=O)c2ccccc2C1=O,3.45,-1.24
OC(=O)CCc1ccccn1,10.5,-0.07
OC(=O)c1ccccc1[N+]([O-])=O,10.5,-0.58
OC(=O)c1ccccc1C(O)=O,10.5,0.32
OC(=O)c1ccccc1O,10.5,0.36
Nc1ccccc1C(O)=O,10.5,0.01
Nc1ccc(O)cc1,10.5,-1.47
OC(=O)CCc1ccncc1,10.5,-0.08
Nc1ccccc1O,10.5,-0.62
OC(=O)c1ccc(cc1)C(O)=O,10.5,0.11
OC(=O)c1ccc(O)cc1,10.5,0.02
Nc1ccc(cc1)C(O)=O,10.5,-0.2
Oc1ccccc1C#N,10.5,0.28
OC(=O)c1ccccc1,10.5,0
N[C@@H](CC(N)=O)C(O)=O,10.5,-0.49
O=C(O)C[C@H](N)C(=O)O,10.5,-0.49
N[C@@H](CCC(N)=O)C(O)=O,10.5,-0.58
N[C@@H](CCC(O)=O)C(O)=O,10.5,-0.31
N[C@@H](Cc1c[nH]cn1)C(O)=O,10.5,-0.69
CC[C@H](C)[C@H](N)C(O)=O,10.5,-0.09
CC(C)C[C@H](N)C(O)=O,10.5,-0.12
CSCC[C@H](N)C(O)=O,10.5,-0.62
N[C@@H](Cc1ccccc1)C(O)=O,10.5,0.69
N[C@@H](CO)C(O)=O,10.5,-0.49
C[C@@H](O)[C@H](N)C(O)=O,10.5,-0.52
N[C@@H](Cc1c[nH]c2ccccc12)C(O)=O,10.5,-0.05
N[C@@H](Cc1ccc(O)cc1)C(O)=O,10.5,0.3
CC(C)[C@H](N)C(O)=O,10.5,-0.16
Oc1ccccc1[N+]([O-])=O,7,-1.04
Oc1ccc(cc1)[N+]([O-])=O,7,0.5
Oc1ccccc1O,7,-0.07
Oc1ccc(O)cc1,7,-2.76
Nc1ccccc1O,7,-1.17
Nc1ccc(O)cc1,7,-2.76
COc1ccccc1O,7,-2.6
COc1ccc(O)cc1,7,-2.6
Oc1ccccc1C=O,7,-1.02
Oc1ccc(C=O)cc1,7,0.14
Oc1ccccc1c2ccccc2,7,0.39
Oc1ccc(cc1)c2ccccc2,7,0.75
Nc1ccccc1C(O)=O,7,-0.39
Nc1ccc(cc1)C(O)=O,7,-1.21
OC(=O)c1ccccc1O,7,0.09
OC(=O)c1ccc(O)cc1,7,0.14
OC(=O)c1ccccc1[N+]([O-])=O,7,-0.69
OC(=O)c1ccc(cc1)[N+]([O-])=O,7,0.02
OC(=O)c1ccccc1C(O)=O,7,-0.09
OC(=O)c1ccc(cc1)C(O)=O,7,-0.33
OC(=O)CCc1ccccn1,7,-1.02
OC(=O)CCc1ccncc1,7,-0.81
Oc1ccccc1[N+]([O-])=O,10.5,-1.18
Oc1ccc(cc1)[N+]([O-])=O,10.5,0.5
Oc1ccccc1O,10.5,-0.22
Oc1ccc(O)cc1,10.5,-2.45
Nc1ccccc1O,10.5,-0.49
Nc1ccc(O)cc1,10.5,-1.2
COc1ccccc1O,10.5,-1.09
COc1ccc(O)cc1,10.5,-0.82
Oc1ccccc1C=O,10.5,-1.44
Oc1ccc(C=O)cc1,10.5,0.06
Oc1ccccc1c2ccccc2,10.5,-0.01
Oc1ccc(cc1)c2ccccc2,10.5,0.29
Nc1ccccc1C(O)=O,10.5,0.07
Nc1ccc(cc1)C(O)=O,10.5,-0.19
OC(=O)c1ccccc1O,10.5,0.33
OC(=O)c1ccc(O)cc1,10.5,0.08
OC(=O)c1ccccc1[N+]([O-])=O,10.5,-0.44
OC(=O)c1ccc(cc1)[N+]([O-])=O,10.5,0.28
OC(=O)c1ccccc1C(O)=O,10.5,0.28
OC(=O)c1ccc(cc1)C(O)=O,10.5,0.27
OC(=O)CCc1ccccn1,10.5,-0.01
OC(=O)CCc1ccncc1,10.5,0
OC(=O)c1ccccc1,10.5,0.54
Oc1ccc(cc1)[N+]([O-])=O,10.5,0.99
Oc1cccc(c1)C(F)(F)F,10.5,0.48
OC(=O)c1ccccc1O,10.5,0.84
C/C=C/C=C/C(O)=O,10.5,0.37
O[S](=O)(=O)c1cccc(c1)[N+]([O-])=O,10.5,0.96
OC(=O)c1cc(I)cc(I)c1O,10.5,1.09
Oc1ccc(cc1)c2ccccc2,10.5,0.63
OC(=O)c1ccc(O)cc1,10.5,0.56
OC(=O)c1cc(cc(c1)[N+]([O-])=O)[N+]([O-])=O,10.5,0.9
O[S](=O)(=O)c1cccc2ccccc12,10.5,0.98
Oc1c(F)c(F)c(c(F)c1F)c2c(F)c(F)c(F)c(F)c2F,10.5,1.41
Oc1ccc(cc1[N+]([O-])=O)[N+]([O-])=O,10.5,0.95
Oc1cccc(c1)[N+]([O-])=O,10.5,0.92
O=C1NC(=O)c2ccccc12,10.5,0.43
Nc1ccc(cc1)C(O)=O,10.5,0.5
Oc1c(cc(c(O)c1[N+]([O-])=O)[N+]([O-])=O)[N+]([O-])=O,10.5,0.81
OC(=O)c1ccccc1,10.5,0.68
Oc1ccc(cc1)[N+]([O-])=O,10.5,1.08
Oc1cccc(c1)C(F)(F)F,10.5,1.61
OC(=O)c1ccccc1O,10.5,0.99
C/C=C/C=C/C(O)=O,10.5,0.43
O[S](=O)(=O)c1cccc(c1)[N+]([O-])=O,10.5,1.06
OC(=O)c1cc(I)cc(I)c1O,10.5,1.36
Oc1ccc(cc1)c2ccccc2,10.5,0.75
OC(=O)c1ccc(O)cc1,10.5,0.68
OC(=O)c1cc(cc(c1)[N+]([O-])=O)[N+]([O-])=O,10.5,1.16
O[S](=O)(=O)c1cccc2ccccc12,10.5,1.15
Oc1c(F)c(F)c(c(F)c1F)c2c(F)c(F)c(F)c(F)c2F,10.5,1.75
Oc1ccc(cc1[N+]([O-])=O)[N+]([O-])=O,10.5,1.23
Oc1cccc(c1)[N+]([O-])=O,10.5,0.98
O=C1NC(=O)c2ccccc12,10.5,0.5
Nc1ccc(cc1)C(O)=O,10.5,0.64
Oc1c(cc(c(O)c1[N+]([O-])=O)[N+]([O-])=O)[N+]([O-])=O,10.5,1.24
OC(=O)c1ccccc1,10.5,0.77
Oc1ccc(cc1)[N+]([O-])=O,10.5,1.35
Oc1cccc(c1)C(F)(F)F,10.5,1.87
OC(=O)c1ccccc1O,10.5,1.15
C/C=C/C=C/C(O)=O,10.5,0.43
O[S](=O)(=O)c1cccc(c1)[N+]([O-])=O,10.5,1.24
OC(=O)c1cc(I)cc(I)c1O,10.5,1.58
Oc1ccc(cc1)c2ccccc2,10.5,0.82
OC(=O)c1ccc(O)cc1,10.5,0.75
OC(=O)c1cc(cc(c1)[N+]([O-])=O)[N+]([O-])=O,10.5,1.38
O[S](=O)(=O)c1cccc2ccccc12,10.5,1.24
Oc1c(F)c(F)c(c(F)c1F)c2c(F)c(F)c(F)c(F)c2F,10.5,1.97
Oc1ccc(cc1[N+]([O-])=O)[N+]([O-])=O,10.5,1.43
Oc1cccc(c1)[N+]([O-])=O,10.5,1.12
O=C1NC(=O)c2ccccc12,10.5,0.41
Nc1ccc(cc1)C(O)=O,10.5,0.59
Oc1c(cc(c(O)c1[N+]([O-])=O)[N+]([O-])=O)[N+]([O-])=O,10.5,1.59
OC(=O)c1ccccc1,10.5,0.72
Oc1ccc(cc1)[N+]([O-])=O,10.5,1.47
Oc1cccc(c1)C(F)(F)F,10.5,2.07
OC(=O)c1ccccc1O,10.5,1.25
C/C=C/C=C/C(O)=O,10.5,0.53
O[S](=O)(=O)c1cccc(c1)[N+]([O-])=O,10.5,1.31
OC(=O)c1cc(I)cc(I)c1O,10.5,1.82
Oc1ccc(cc1)c2ccccc2,10.5,0.83
OC(=O)c1ccc(O)cc1,10.5,0.74
OC(=O)c1cc(cc(c1)[N+]([O-])=O)[N+]([O-])=O,10.5,1.56
O[S](=O)(=O)c1cccc2ccccc12,10.5,1.31
Oc1c(F)c(F)c(c(F)c1F)c2c(F)c(F)c(F)c(F)c2F,10.5,2.14
Oc1ccc(cc1[N+]([O-])=O)[N+]([O-])=O,10.5,1.63
Oc1cccc(c1)[N+]([O-])=O,10.5,1.33
O=C1NC(=O)c2ccccc12,10.5,0.28
Nc1ccc(cc1)C(O)=O,10.5,0.57
Oc1c(cc(c(O)c1[N+]([O-])=O)[N+]([O-])=O)[N+]([O-])=O,10.5,1.8
OC(=O)c1ccccc1,10.5,0.75
Oc1ccc(cc1)[N+]([O-])=O,10.5,1.67
Oc1cccc(c1)C(F)(F)F,10.5,2.28
OC(=O)c1ccccc1O,10.5,1.3
C/C=C/C=C/C(O)=O,10.5,0.59
O[S](=O)(=O)c1cccc(c1)[N+]([O-])=O,10.5,1.33
OC(=O)c1cc(I)cc(I)c1O,10.5,2.03
Oc1ccc(cc1)c2ccccc2,10.5,0.98
OC(=O)c1ccc(O)cc1,10.5,0.77
OC(=O)c1cc(cc(c1)[N+]([O-])=O)[N+]([O-])=O,10.5,1.73
O[S](=O)(=O)c1cccc2ccccc12,10.5,1.37
Oc1c(F)c(F)c(c(F)c1F)c2c(F)c(F)c(F)c(F)c2F,10.5,2.35
Oc1ccc(cc1[N+]([O-])=O)[N+]([O-])=O,10.5,1.84
Oc1cccc(c1)[N+]([O-])=O,10.5,1.53
O=C1NC(=O)c2ccccc12,10.5,0.37
Nc1ccc(cc1)C(O)=O,10.5,0.59
Oc1c(cc(c(O)c1[N+]([O-])=O)[N+]([O-])=O)[N+]([O-])=O,10.5,1.93
OC(=O)c1ccccc1,10.5,1.03
Oc1ccc(cc1)[N+]([O-])=O,10.5,1.95
Oc1cccc(c1)C(F)(F)F,10.5,2.82
OC(=O)c1ccccc1O,10.5,1.67
C/C=C/C=C/C(O)=O,10.5,0.79
O[S](=O)(=O)c1cccc(c1)[N+]([O-])=O,10.5,1.78
OC(=O)c1cc(I)cc(I)c1O,10.5,2.03
Oc1ccc(cc1)c2ccccc2,10.5,1.28
OC(=O)c1ccc(O)cc1,10.5,0.93
OC(=O)c1cc(cc(c1)[N+]([O-])=O)[N+]([O-])=O,10.5,1.96
O[S](=O)(=O)c1cccc2ccccc12,10.5,1.64
Oc1c(F)c(F)c(c(F)c1F)c2c(F)c(F)c(F)c(F)c2F,10.5,2.75
Oc1ccc(cc1[N+]([O-])=O)[N+]([O-])=O,10.5,2.32
Oc1cccc(c1)[N+]([O-])=O,10.5,1.88
O=C1NC(=O)c2ccccc12,10.5,0.28
Nc1ccc(cc1)C(O)=O,10.5,0.68
Oc1c(cc(c(O)c1[N+]([O-])=O)[N+]([O-])=O)[N+]([O-])=O,10.5,2.16
OC(=O)c1ccccc1,10.5,0.6
Oc1ccc(cc1)[N+]([O-])=O,10.5,1.36
Oc1cccc(c1)C(F)(F)F,10.5,1.27
OC(=O)c1ccccc1O,10.5,1.26
C/C=C/C=C/C(O)=O,10.5,-0.34
O[S](=O)(=O)c1cccc(c1)[N+]([O-])=O,10.5,1.13
OC(=O)c1cc(I)cc(I)c1O,10.5,0.92
Oc1ccc(cc1)c2ccccc2,10.5,0.19
OC(=O)c1ccc(O)cc1,10.5,-0.2
OC(=O)c1cc(cc(c1)[N+]([O-])=O)[N+]([O-])=O,10.5,1.37
O[S](=O)(=O)c1cccc2ccccc12,10.5,1.31
Oc1c(F)c(F)c(c(F)c1F)c2c(F)c(F)c(F)c(F)c2F,10.5,1.46
Oc1ccc(cc1[N+]([O-])=O)[N+]([O-])=O,10.5,1.03
Oc1cccc(c1)[N+]([O-])=O,10.5,0.38
O=C1NC(=O)c2ccccc12,10.5,-0.06
Nc1ccc(cc1)C(O)=O,10.5,-0.51
Oc1c(cc(c(O)c1[N+]([O-])=O)[N+]([O-])=O)[N+]([O-])=O,10.5,1.03
OC(=O)c1ccccc1,10.5,0.17
Oc1ccc(cc1)[N+]([O-])=O,10.5,0.93
Oc1cccc(c1)C(F)(F)F,10.5,2.27
OC(=O)c1ccccc1O,10.5,0.63
C/C=C/C=C/C(O)=O,10.5,-0.19
O[S](=O)(=O)c1cccc(c1)[N+]([O-])=O,10.5,0.85
OC(=O)c1cc(I)cc(I)c1O,10.5,1.82
Oc1ccc(cc1)c2ccccc2,10.5,0.15
OC(=O)c1ccc(O)cc1,10.5,0.13
OC(=O)c1cc(cc(c1)[N+]([O-])=O)[N+]([O-])=O,10.5,1.29
O[S](=O)(=O)c1cccc2ccccc12,10.5,1.41
Oc1c(F)c(F)c(c(F)c1F)c2c(F)c(F)c(F)c(F)c2F,10.5,1.99
Oc1ccc(cc1[N+]([O-])=O)[N+]([O-])=O,10.5,1.11
Oc1cccc(c1)[N+]([O-])=O,10.5,0.7
O=C1NC(=O)c2ccccc12,10.5,-0.43
Nc1ccc(cc1)C(O)=O,10.5,-0.22
Oc1c(cc(c(O)c1[N+]([O-])=O)[N+]([O-])=O)[N+]([O-])=O,10.5,1.98
OC(=O)c1ccccc1,10.5,0.02
Oc1ccc(cc1)[N+]([O-])=O,10.5,0.77
Oc1cccc(c1)C(F)(F)F,10.5,2.39
OC(=O)c1ccccc1O,10.5,0.63
C/C=C/C=C/C(O)=O,10.5,-0.16
O[S](=O)(=O)c1cccc(c1)[N+]([O-])=O,10.5,0.83
OC(=O)c1cc(I)cc(I)c1O,10.5,1.78
Oc1ccc(cc1)c2ccccc2,10.5,0.15
OC(=O)c1ccc(O)cc1,10.5,0.19
OC(=O)c1cc(cc(c1)[N+]([O-])=O)[N+]([O-])=O,10.5,1.49
O[S](=O)(=O)c1cccc2ccccc12,10.5,1.4
Oc1c(F)c(F)c(c(F)c1F)c2c(F)c(F)c(F)c(F)c2F,10.5,1.98
Oc1ccc(cc1[N+]([O-])=O)[N+]([O-])=O,10.5,1.07
Oc1cccc(c1)[N+]([O-])=O,10.5,0.72
O=C1NC(=O)c2ccccc12,10.5,-0.43
Nc1ccc(cc1)C(O)=O,10.5,-0.24
Oc1c(cc(c(O)c1[N+]([O-])=O)[N+]([O-])=O)[N+]([O-])=O,10.5,2.06
Oc1ccc(cc1)[N+]([O-])=O,10.5,0.86
Oc1cccc(c1)C(F)(F)F,10.5,2.54
OC(=O)c1ccccc1O,10.5,0.48
C/C=C/C=C/C(O)=O,10.5,-0.42
O[S](=O)(=O)c1cccc(c1)[N+]([O-])=O,10.5,0.81
OC(=O)c1cc(I)cc(I)c1O,10.5,1.92
Oc1ccc(cc1)c2ccccc2,10.5,0.1
OC(=O)c1ccc(O)cc1,10.5,-0.06
OC(=O)c1cc(cc(c1)[N+]([O-])=O)[N+]([O-])=O,10.5,1.44
O[S](=O)(=O)c1cccc2ccccc12,10.5,1.5
Oc1c(F)c(F)c(c(F)c1F)c2c(F)c(F)c(F)c(F)c2F,10.5,2.02
Oc1ccc(cc1[N+]([O-])=O)[N+]([O-])=O,10.5,1.09
Oc1cccc(c1)[N+]([O-])=O,10.5,0.69
O=C1NC(=O)c2ccccc12,10.5,-0.54
Nc1ccc(cc1)C(O)=O,10.5,-0.35
Oc1c(cc(c(O)c1[N+]([O-])=O)[N+]([O-])=O)[N+]([O-])=O,10.5,2.15
OC(=O)c1ccccc1,10.5,0
Oc1ccc(cc1)[N+]([O-])=O,10.5,0.88
Oc1cccc(c1)C(F)(F)F,10.5,2.71
OC(=O)c1ccccc1O,10.5,0.65
C/C=C/C=C/C(O)=O,10.5,-0.46
O[S](=O)(=O)c1cccc(c1)[N+]([O-])=O,10.5,0.8
OC(=O)c1cc(I)cc(I)c1O,10.5,2.14
Oc1ccc(cc1)c2ccccc2,10.5,0.08
OC(=O)c1ccc(O)cc1,10.5,0.03
OC(=O)c1cc(cc(c1)[N+]([O-])=O)[N+]([O-])=O,10.5,1.64
O[S](=O)(=O)c1cccc2ccccc12,10.5,1.68
Oc1c(F)c(F)c(c(F)c1F)c2c(F)c(F)c(F)c(F)c2F,10.5,2.07
Oc1ccc(cc1[N+]([O-])=O)[N+]([O-])=O,10.5,1.27
Oc1cccc(c1)[N+]([O-])=O,10.5,0.72
O=C1NC(=O)c2ccccc12,10.5,-0.51
Nc1ccc(cc1)C(O)=O,10.5,-0.36
Oc1c(cc(c(O)c1[N+]([O-])=O)[N+]([O-])=O)[N+]([O-])=O,10.5,2.27
OC(=O)c1ccccc1,10.5,-2.13
Oc1ccc(cc1)[N+]([O-])=O,10.5,0.75
Oc1cccc(c1)C(F)(F)F,10.5,2.62
OC(=O)c1ccccc1O,10.5,0.76
O[S](=O)(=O)c1cccc(c1)[N+]([O-])=O,10.5,-0.14
OC(=O)c1cc(I)cc(I)c1O,10.5,2.2
Oc1ccc(cc1)c2ccccc2,10.5,-2.39
OC(=O)c1ccc(O)cc1,10.5,-1.65
OC(=O)c1cc(cc(c1)[N+]([O-])=O)[N+]([O-])=O,10.5,1.61
O[S](=O)(=O)c1cccc2ccccc12,10.5,1.51
Oc1c(F)c(F)c(c(F)c1F)c2c(F)c(F)c(F)c(F)c2F,10.5,2.49
Oc1ccc(cc1[N+]([O-])=O)[N+]([O-])=O,10.5,1.41
Oc1cccc(c1)[N+]([O-])=O,10.5,0.6
O=C1NC(=O)c2ccccc12,10.5,-3
Oc1c(cc(c(O)c1[N+]([O-])=O)[N+]([O-])=O)[N+]([O-])=O,10.5,2.17
OC(=O)c1ccccc1,7,-0.29
Oc1ccc(cc1)[N+]([O-])=O,7,1.02
Oc1cccc(c1)C(F)(F)F,7,2.13
OC(=O)c1ccccc1O,7,0.68
C/C=C/C=C/C(O)=O,7,-0.37
O[S](=O)(=O)c1cccc(c1)[N+]([O-])=O,7,0.9
OC(=O)c1cc(I)cc(I)c1O,7,1.62
Oc1ccc(cc1)c2ccccc2,7,0.33
OC(=O)c1ccc(O)cc1,7,-0.1
OC(=O)c1cc(cc(c1)[N+]([O-])=O)[N+]([O-])=O,7,1.07
O[S](=O)(=O)c1cccc2ccccc12,7,0.77
Oc1c(F)c(F)c(c(F)c1F)c2c(F)c(F)c(F)c(F)c2F,7,2.14
Oc1ccc(cc1[N+]([O-])=O)[N+]([O-])=O,7,1.05
Oc1cccc(c1)[N+]([O-])=O,7,0.85
O=C1NC(=O)c2ccccc12,7,-1.21
Nc1ccc(cc1)C(O)=O,7,-0.56
Oc1c(cc(c(O)c1[N+]([O-])=O)[N+]([O-])=O)[N+]([O-])=O,7,1.78
OC(=O)c1ccccc1,7,0.42
Oc1ccc(cc1)[N+]([O-])=O,7,1.36
Oc1cccc(c1)C(F)(F)F,7,2.48
OC(=O)c1ccccc1O,7,1.03
C/C=C/C=C/C(O)=O,7,0.09
O[S](=O)(=O)c1cccc(c1)[N+]([O-])=O,7,1.15
OC(=O)c1cc(I)cc(I)c1O,7,2.03
Oc1ccc(cc1)c2ccccc2,7,0.27
OC(=O)c1ccc(O)cc1,7,0.27
OC(=O)c1cc(cc(c1)[N+]([O-])=O)[N+]([O-])=O,7,1.48
O[S](=O)(=O)c1cccc2ccccc12,7,1.2
Oc1c(F)c(F)c(c(F)c1F)c2c(F)c(F)c(F)c(F)c2F,7,2.53
Oc1ccc(cc1[N+]([O-])=O)[N+]([O-])=O,7,1.5
Oc1cccc(c1)[N+]([O-])=O,7,1.26
O=C1NC(=O)c2ccccc12,7,-0.72
Nc1ccc(cc1)C(O)=O,7,-0.08
Oc1c(cc(c(O)c1[N+]([O-])=O)[N+]([O-])=O)[N+]([O-])=O,7,1.91
OC(=O)c1ccccc1,7,0.1
Oc1ccc(cc1)[N+]([O-])=O,7,1.16
Oc1cccc(c1)C(F)(F)F,7,2.37
OC(=O)c1ccccc1O,7,0.84
C/C=C/C=C/C(O)=O,7,-0.27
O[S](=O)(=O)c1cccc(c1)[N+]([O-])=O,7,0.95
OC(=O)c1cc(I)cc(I)c1O,7,1.84
Oc1ccc(cc1)c2ccccc2,7,-0.16
OC(=O)c1ccc(O)cc1,7,0.06
OC(=O)c1cc(cc(c1)[N+]([O-])=O)[N+]([O-])=O,7,1.23
O[S](=O)(=O)c1cccc2ccccc12,7,0.98
Oc1c(F)c(F)c(c(F)c1F)c2c(F)c(F)c(F)c(F)c2F,7,2.15
Oc1ccc(cc1[N+]([O-])=O)[N+]([O-])=O,7,1.17
Oc1cccc(c1)[N+]([O-])=O,7,0.92
O=C1NC(=O)c2ccccc12,7,-0.99
Nc1ccc(cc1)C(O)=O,7,-0.36
Oc1c(cc(c(O)c1[N+]([O-])=O)[N+]([O-])=O)[N+]([O-])=O,7,1.73
OC(=O)c1ccccc1,7,0.45
Oc1ccc(cc1)[N+]([O-])=O,7,1.46
Oc1cccc(c1)C(F)(F)F,7,2.76
OC(=O)c1ccccc1O,7,1.16
C/C=C/C=C/C(O)=O,7,0.11
O[S](=O)(=O)c1cccc(c1)[N+]([O-])=O,7,1.29
OC(=O)c1cc(I)cc(I)c1O,7,2.3
Oc1ccc(cc1)c2ccccc2,7,0.09
OC(=O)c1ccc(O)cc1,7,0.48
OC(=O)c1cc(cc(c1)[N+]([O-])=O)[N+]([O-])=O,7,1.58
O[S](=O)(=O)c1cccc2ccccc12,7,1.54
Oc1c(F)c(F)c(c(F)c1F)c2c(F)c(F)c(F)c(F)c2F,7,2.5
Oc1ccc(cc1[N+]([O-])=O)[N+]([O-])=O,7,1.63
Oc1cccc(c1)[N+]([O-])=O,7,1.26
O=C1NC(=O)c2ccccc12,7,-0.8
Nc1ccc(cc1)C(O)=O,7,0.03
Oc1c(cc(c(O)c1[N+]([O-])=O)[N+]([O-])=O)[N+]([O-])=O,7,2.15
OC(=O)c1ccccc1,7,0.64
Oc1ccc(cc1)[N+]([O-])=O,7,1.45
Oc1cccc(c1)C(F)(F)F,7,2.82
OC(=O)c1ccccc1O,7,1.27
C/C=C/C=C/C(O)=O,7,0.02
O[S](=O)(=O)c1cccc(c1)[N+]([O-])=O,7,1.22
OC(=O)c1cc(I)cc(I)c1O,7,2.42
Oc1ccc(cc1)c2ccccc2,7,-0.01
OC(=O)c1ccc(O)cc1,7,0.54
OC(=O)c1cc(cc(c1)[N+]([O-])=O)[N+]([O-])=O,7,1.6
O[S](=O)(=O)c1cccc2ccccc12,7,1.7
Oc1c(F)c(F)c(c(F)c1F)c2c(F)c(F)c(F)c(F)c2F,7,2.6
Oc1ccc(cc1[N+]([O-])=O)[N+]([O-])=O,7,1.56
Oc1cccc(c1)[N+]([O-])=O,7,1.17
O=C1NC(=O)c2ccccc12,7,-0.98
Nc1ccc(cc1)C(O)=O,7,0.05
Oc1c(cc(c(O)c1[N+]([O-])=O)[N+]([O-])=O)[N+]([O-])=O,7,2.18
OC(=O)c1ccccc1,7,-3.4
Oc1ccc(cc1)[N+]([O-])=O,7,0.34
Oc1cccc(c1)C(F)(F)F,7,2.6
OC(=O)c1ccccc1O,7,0.13
C/C=C/C=C/C(O)=O,7,-3.02
O[S](=O)(=O)c1cccc(c1)[N+]([O-])=O,7,0.08
OC(=O)c1cc(I)cc(I)c1O,7,1.9
Oc1ccc(cc1)c2ccccc2,7,-2.56
OC(=O)c1ccc(O)cc1,7,-1.7
OC(=O)c1cc(cc(c1)[N+]([O-])=O)[N+]([O-])=O,7,0.98
O[S](=O)(=O)c1cccc2ccccc12,7,1.14
Oc1c(F)c(F)c(c(F)c1F)c2c(F)c(F)c(F)c(F)c2F,7,1.78
Oc1ccc(cc1[N+]([O-])=O)[N+]([O-])=O,7,1.17
Oc1cccc(c1)[N+]([O-])=O,7,-0.39
O=C1NC(=O)c2ccccc12,7,-2.69
Nc1ccc(cc1)C(O)=O,7,-2.31
Oc1c(cc(c(O)c1[N+]([O-])=O)[N+]([O-])=O)[N+]([O-])=O,7,2.18
OC(=O)c1ccccc1,7,-0.29
Oc1ccc(cc1)[N+]([O-])=O,7,0.29
Oc1cccc(c1)C(F)(F)F,7,0.62
OC(=O)c1ccccc1O,7,0.24
C/C=C/C=C/C(O)=O,7,-0.67
O[S](=O)(=O)c1cccc(c1)[N+]([O-])=O,7,0.33
OC(=O)c1cc(I)cc(I)c1O,7,0.65
Oc1ccc(cc1)c2ccccc2,7,-0.85
OC(=O)c1ccc(O)cc1,7,-0.28
OC(=O)c1cc(cc(c1)[N+]([O-])=O)[N+]([O-])=O,7,0.53
O[S](=O)(=O)c1cccc2ccccc12,7,0.51
Oc1c(F)c(F)c(c(F)c1F)c2c(F)c(F)c(F)c(F)c2F,7,1.32
Oc1ccc(cc1[N+]([O-])=O)[N+]([O-])=O,7,0.66
Oc1cccc(c1)[N+]([O-])=O,7,0.25
O=C1NC(=O)c2ccccc12,7,-1.23
Nc1ccc(cc1)C(O)=O,7,-0.71
Oc1c(cc(c(O)c1[N+]([O-])=O)[N+]([O-])=O)[N+]([O-])=O,7,0.93
OC(=O)c1ccccc1,7,-0.03
Oc1ccc(cc1)[N+]([O-])=O,7,0.27
Oc1cccc(c1)C(F)(F)F,7,1.51
OC(=O)c1ccccc1O,7,0.43
C/C=C/C=C/C(O)=O,7,-0.39
O[S](=O)(=O)c1cccc(c1)[N+]([O-])=O,7,0.73
OC(=O)c1cc(I)cc(I)c1O,7,1.1
Oc1ccc(cc1)c2ccccc2,7,-0.34
OC(=O)c1ccc(O)cc1,7,-0.06
OC(=O)c1cc(cc(c1)[N+]([O-])=O)[N+]([O-])=O,7,0.88
O[S](=O)(=O)c1cccc2ccccc12,7,0.92
Oc1c(F)c(F)c(c(F)c1F)c2c(F)c(F)c(F)c(F)c2F,7,1.64
Oc1ccc(cc1[N+]([O-])=O)[N+]([O-])=O,7,0.89
Oc1cccc(c1)[N+]([O-])=O,7,0.62
O=C1NC(=O)c2ccccc12,7,-1.19
Nc1ccc(cc1)C(O)=O,7,-0.39
Oc1c(cc(c(O)c1[N+]([O-])=O)[N+]([O-])=O)[N+]([O-])=O,7,1.25
OC(=O)c1ccccc1,7,0.22
Oc1ccc(cc1)[N+]([O-])=O,7,0.72
Oc1cccc(c1)C(F)(F)F,7,1.74
OC(=O)c1ccccc1O,7,0.7
C/C=C/C=C/C(O)=O,7,-0.25
O[S](=O)(=O)c1cccc(c1)[N+]([O-])=O,7,0.93
OC(=O)c1cc(I)cc(I)c1O,7,1.31
Oc1ccc(cc1)c2ccccc2,7,-0.14
OC(=O)c1ccc(O)cc1,7,0.18
OC(=O)c1cc(cc(c1)[N+]([O-])=O)[N+]([O-])=O,7,0.96
O[S](=O)(=O)c1cccc2ccccc12,7,1.05
Oc1c(F)c(F)c(c(F)c1F)c2c(F)c(F)c(F)c(F)c2F,7,1.83
Oc1ccc(cc1[N+]([O-])=O)[N+]([O-])=O,7,1.17
Oc1cccc(c1)[N+]([O-])=O,7,0.75
O=C1NC(=O)c2ccccc12,7,-1
Nc1ccc(cc1)C(O)=O,7,-0.18
Oc1c(cc(c(O)c1[N+]([O-])=O)[N+]([O-])=O)[N+]([O-])=O,7,1.41
OC(=O)c1ccccc1,7,0.24
Oc1ccc(cc1)[N+]([O-])=O,7,0.84
Oc1cccc(c1)C(F)(F)F,7,1.9
OC(=O)c1ccccc1O,7,0.81
C/C=C/C=C/C(O)=O,7,-0.14
O[S](=O)(=O)c1cccc(c1)[N+]([O-])=O,7,0.87
OC(=O)c1cc(I)cc(I)c1O,7,1.35
Oc1ccc(cc1)c2ccccc2,7,-0.1
OC(=O)c1ccc(O)cc1,7,0.12
OC(=O)c1cc(cc(c1)[N+]([O-])=O)[N+]([O-])=O,7,1.12
O[S](=O)(=O)c1cccc2ccccc12,7,1.11
Oc1c(F)c(F)c(c(F)c1F)c2c(F)c(F)c(F)c(F)c2F,7,1.94
Oc1ccc(cc1[N+]([O-])=O)[N+]([O-])=O,7,1.2
Oc1cccc(c1)[N+]([O-])=O,7,0.84
O=C1NC(=O)c2ccccc12,7,-0.87
Nc1ccc(cc1)C(O)=O,7,-0.18
Oc1c(cc(c(O)c1[N+]([O-])=O)[N+]([O-])=O)[N+]([O-])=O,7,1.49
OC(=O)c1ccccc1,7,0.33
Oc1ccc(cc1)[N+]([O-])=O,7,1.15
Oc1cccc(c1)C(F)(F)F,7,2.15
OC(=O)c1ccccc1O,7,1
C/C=C/C=C/C(O)=O,7,-0.23
O[S](=O)(=O)c1cccc(c1)[N+]([O-])=O,7,0.93
OC(=O)c1cc(I)cc(I)c1O,7,1.65
Oc1ccc(cc1)c2ccccc2,7,-0.12
OC(=O)c1ccc(O)cc1,7,0.39
OC(=O)c1cc(cc(c1)[N+]([O-])=O)[N+]([O-])=O,7,1.24
O[S](=O)(=O)c1cccc2ccccc12,7,1.29
Oc1c(F)c(F)c(c(F)c1F)c2c(F)c(F)c(F)c(F)c2F,7,2.14
Oc1ccc(cc1[N+]([O-])=O)[N+]([O-])=O,7,1.49
Oc1cccc(c1)[N+]([O-])=O,7,1.09
O=C1NC(=O)c2ccccc12,7,-0.65
Nc1ccc(cc1)C(O)=O,7,-0.26
Oc1c(cc(c(O)c1[N+]([O-])=O)[N+]([O-])=O)[N+]([O-])=O,7,1.9
OC(=O)c1ccccc1,7,0.42
Oc1ccc(cc1)[N+]([O-])=O,7,1.5
Oc1cccc(c1)C(F)(F)F,7,2.69
OC(=O)c1ccccc1O,7,1.36
C/C=C/C=C/C(O)=O,7,-0.42
O[S](=O)(=O)c1cccc(c1)[N+]([O-])=O,7,1.05
OC(=O)c1cc(I)cc(I)c1O,7,1.9
Oc1ccc(cc1)c2ccccc2,7,-0.21
OC(=O)c1ccc(O)cc1,7,0.5
OC(=O)c1cc(cc(c1)[N+]([O-])=O)[N+]([O-])=O,7,1.52
O[S](=O)(=O)c1cccc2ccccc12,7,1.45
Oc1c(F)c(F)c(c(F)c1F)c2c(F)c(F)c(F)c(F)c2F,7,2.44
Oc1ccc(cc1[N+]([O-])=O)[N+]([O-])=O,7,1.75
Oc1cccc(c1)[N+]([O-])=O,7,1.26
Nc1ccc(cc1)C(O)=O,7,-0.45
Oc1c(cc(c(O)c1[N+]([O-])=O)[N+]([O-])=O)[N+]([O-])=O,7,2.24
OC(=O)c1ccccc1,7,-0.29
Oc1ccc(cc1)[N+]([O-])=O,7,0.29
Oc1cccc(c1)C(F)(F)F,7,0.62
OC(=O)c1ccccc1O,7,0.24
C/C=C/C=C/C(O)=O,7,-0.67
O[S](=O)(=O)c1cccc(c1)[N+]([O-])=O,7,0.33
OC(=O)c1cc(I)cc(I)c1O,7,0.65
Oc1ccc(cc1)c2ccccc2,7,-0.85
OC(=O)c1ccc(O)cc1,7,-0.28
OC(=O)c1cc(cc(c1)[N+]([O-])=O)[N+]([O-])=O,7,0.53
O[S](=O)(=O)c1cccc2ccccc12,7,0.51
Oc1c(F)c(F)c(c(F)c1F)c2c(F)c(F)c(F)c(F)c2F,7,1.32
Oc1ccc(cc1[N+]([O-])=O)[N+]([O-])=O,7,0.66
Oc1cccc(c1)[N+]([O-])=O,7,0.25
O=C1NC(=O)c2ccccc12,7,-1.23
Nc1ccc(cc1)C(O)=O,7,-0.71
Oc1c(cc(c(O)c1[N+]([O-])=O)[N+]([O-])=O)[N+]([O-])=O,7,0.93
OC(=O)c1ccccc1,7,0.01
Oc1ccc(cc1)[N+]([O-])=O,7,0.97
Oc1cccc(c1)C(F)(F)F,7,1.27
OC(=O)c1ccccc1O,7,0.79
C/C=C/C=C/C(O)=O,7,-0.34
O[S](=O)(=O)c1cccc(c1)[N+]([O-])=O,7,0.84
OC(=O)c1cc(I)cc(I)c1O,7,1.15
Oc1ccc(cc1)c2ccccc2,7,-0.02
OC(=O)c1ccc(O)cc1,7,0.13
OC(=O)c1cc(cc(c1)[N+]([O-])=O)[N+]([O-])=O,7,0.94
O[S](=O)(=O)c1cccc2ccccc12,7,0.73
Oc1c(F)c(F)c(c(F)c1F)c2c(F)c(F)c(F)c(F)c2F,7,1.71
Oc1ccc(cc1[N+]([O-])=O)[N+]([O-])=O,7,1.17
Oc1cccc(c1)[N+]([O-])=O,7,0.95
O=C1NC(=O)c2ccccc12,7,-1.15
Nc1ccc(cc1)C(O)=O,7,-0.31
Oc1c(cc(c(O)c1[N+]([O-])=O)[N+]([O-])=O)[N+]([O-])=O,7,1.48
OC(=O)c1ccccc1,7,0.19
Oc1ccc(cc1)[N+]([O-])=O,7,1.32
Oc1cccc(c1)C(F)(F)F,7,1.75
OC(=O)c1ccccc1O,7,1.1
C/C=C/C=C/C(O)=O,7,-0.25
O[S](=O)(=O)c1cccc(c1)[N+]([O-])=O,7,1.16
OC(=O)c1cc(I)cc(I)c1O,7,1.42
Oc1ccc(cc1)c2ccccc2,7,0.17
OC(=O)c1ccc(O)cc1,7,0.28
OC(=O)c1cc(cc(c1)[N+]([O-])=O)[N+]([O-])=O,7,1.18
O[S](=O)(=O)c1cccc2ccccc12,7,0.92
Oc1c(F)c(F)c(c(F)c1F)c2c(F)c(F)c(F)c(F)c2F,7,1.98
Oc1ccc(cc1[N+]([O-])=O)[N+]([O-])=O,7,1.57
Oc1cccc(c1)[N+]([O-])=O,7,1.23
O=C1NC(=O)c2ccccc12,7,-0.87
Nc1ccc(cc1)C(O)=O,7,-0.28
Oc1c(cc(c(O)c1[N+]([O-])=O)[N+]([O-])=O)[N+]([O-])=O,7,1.58
OC(=O)c1ccccc1,7,0.34
Oc1ccc(cc1)[N+]([O-])=O,7,1.46
Oc1cccc(c1)C(F)(F)F,7,1.87
OC(=O)c1ccccc1O,7,1.21
C/C=C/C=C/C(O)=O,7,-0.01
O[S](=O)(=O)c1cccc(c1)[N+]([O-])=O,7,1.34
OC(=O)c1cc(I)cc(I)c1O,7,1.6
Oc1ccc(cc1)c2ccccc2,7,0.34
OC(=O)c1ccc(O)cc1,7,0.28
OC(=O)c1cc(cc(c1)[N+]([O-])=O)[N+]([O-])=O,7,1.37
O[S](=O)(=O)c1cccc2ccccc12,7,1.03
Oc1c(F)c(F)c(c(F)c1F)c2c(F)c(F)c(F)c(F)c2F,7,2.12
Oc1ccc(cc1[N+]([O-])=O)[N+]([O-])=O,7,1.7
Oc1cccc(c1)[N+]([O-])=O,7,1.4
O=C1NC(=O)c2ccccc12,7,-0.73
Nc1ccc(cc1)C(O)=O,7,-0.11
Oc1c(cc(c(O)c1[N+]([O-])=O)[N+]([O-])=O)[N+]([O-])=O,7,1.52
OC(=O)c1ccccc1,7,0.55
Oc1ccc(cc1)[N+]([O-])=O,7,1.69
Oc1cccc(c1)C(F)(F)F,7,2.24
OC(=O)c1ccccc1O,7,1.33
C/C=C/C=C/C(O)=O,7,0.21
O[S](=O)(=O)c1cccc(c1)[N+]([O-])=O,7,1.35
OC(=O)c1cc(I)cc(I)c1O,7,1.77
Oc1ccc(cc1)c2ccccc2,7,0.67
OC(=O)c1ccc(O)cc1,7,0.41
OC(=O)c1cc(cc(c1)[N+]([O-])=O)[N+]([O-])=O,7,1.42
O[S](=O)(=O)c1cccc2ccccc12,7,1.17
Oc1c(F)c(F)c(c(F)c1F)c2c(F)c(F)c(F)c(F)c2F,7,2.31
Oc1ccc(cc1[N+]([O-])=O)[N+]([O-])=O,7,1.78
Oc1cccc(c1)[N+]([O-])=O,7,1.58
O=C1NC(=O)c2ccccc12,7,-0.45
Nc1ccc(cc1)C(O)=O,7,0.05
Oc1c(cc(c(O)c1[N+]([O-])=O)[N+]([O-])=O)[N+]([O-])=O,7,1.48
OC(=O)c1ccccc1,7,0.65
Oc1ccc(cc1)[N+]([O-])=O,7,1.89
Oc1cccc(c1)C(F)(F)F,7,2.63
OC(=O)c1ccccc1O,7,1.58
C/C=C/C=C/C(O)=O,7,0.36
O[S](=O)(=O)c1cccc(c1)[N+]([O-])=O,7,1.51
OC(=O)c1cc(I)cc(I)c1O,7,2.14
Oc1ccc(cc1)c2ccccc2,7,0.98
OC(=O)c1ccc(O)cc1,7,0.51
OC(=O)c1cc(cc(c1)[N+]([O-])=O)[N+]([O-])=O,7,1.68
O[S](=O)(=O)c1cccc2ccccc12,7,1.64
Oc1c(F)c(F)c(c(F)c1F)c2c(F)c(F)c(F)c(F)c2F,7,2.73
Oc1ccc(cc1[N+]([O-])=O)[N+]([O-])=O,7,2.12
Oc1cccc(c1)[N+]([O-])=O,7,1.69
O=C1NC(=O)c2ccccc12,7,0.38
Nc1ccc(cc1)C(O)=O,7,0.37
Oc1c(cc(c(O)c1[N+]([O-])=O)[N+]([O-])=O)[N+]([O-])=O,7,1.18
OC(=O)c1ccccc1O,10.5,0.61
OC(=O)c1ccccc1,10.5,0
CCCC1CC(N(C)C1)C(=O)NC(C(C)O)C2OC(SC)C(O)C(O)C2O,10.5,0.36
CC(=O)CC(c1ccccc1)C2=C(O)Oc3ccccc3C2=O,10.5,1.92
COc1ccc2cc(ccc2c1)C(C)C(O)=O,10.5,0.22
OC(=O)/C=C/C(O)=O,10.5,-1.08
CCCCCCCCCCCC(O)=O,10.5,0.43
C[C@H](CCC(=O)NCC[S](O)(=O)=O)[C@H]1CC[C@H]2[C@@H]3[C@H](O)C[C@@H]4C[C@H](O)CC[C@]4(C)[C@H]3C[C@H](O)[C@]12C,10.5,1.74
C/C=C/C=C/C(O)=O,10.5,-0.65
OC(=O)c1cccc(c1)[S](=O)(=O)C(F)(F)F,10.5,1.49